from_address,to_address,block_number,source,csv_file_path,csv_row_number,transaction_hash,token_address,value
0x4215a14e08f6805b273560d2c88fda2d1ba9d4b3,0x4f89fb6893499c2ada917c2aa67405c201a48253,25117935,token_transfer,/media/dheeman/Seagate Backup Plus Drive1/EthereumCode_Mushfiq/EthereumScripts/NotUploadable/Ethereum_TT_25112101_25119300/Transaction_TokenTransfer_25117901_25118000/token_transfer_25117935.csv,442,0x5d9d38de30f52e3b789fff744d93c0cda6f25d0ca59696fb918d3bf5218ba3dc,0x43e6228b5bf22eab754486082ca91fdd8585521a,20000000
0x8c30b75024a029306b092b8f4e5f06cc10bd2744,0x4215a14e08f6805b273560d2c88fda2d1ba9d4b3,25117933,token_transfer,/media/dheeman/Seagate Backup Plus Drive1/EthereumCode_Mushfiq/EthereumScripts/NotUploadable/Ethereum_TT_25112101_25119300/Transaction_TokenTransfer_25117901_25118000/token_transfer_25117933.csv,114,0xbb3591dc755e615c749e8fa0932f2c3c23dc853e22df12fd39851e770c4e60de,0x43e6228b5bf22eab754486082ca91fdd8585521a,9000000000
0x7e41d7a28536db1774bb9c432615eae8e7b85517,0x8c30b75024a029306b092b8f4e5f06cc10bd2744,25116678,transaction,/media/dheeman/Seagate Backup Plus Drive1/EthereumCode_Mushfiq/EthereumScripts/NotUploadable/Ethereum_TT_25112101_25119300/Transaction_TokenTransfer_25116601_25116700/transaction_25116678.csv,58,0x64688dc5af940521f3c7179768d5ac7cc3955589e8f291f45cd5485fd420a982,,2000000000000000000
0xf84bd20098cbf4148dc24177ef37d778af5ab390,0x7e41d7a28536db1774bb9c432615eae8e7b85517,25116677,transaction,/media/dheeman/Seagate Backup Plus Drive1/EthereumCode_Mushfiq/EthereumScripts/NotUploadable/Ethereum_TT_25112101_25119300/Transaction_TokenTransfer_25116601_25116700/transaction_25116677.csv,40,0xf88809eac0095e3b718788e65f30570bacbbb1185a22ae2ecf1240378168b212,,259367634582826560
0xea214f99b1feb36fadcbcf4c7c09a4d7e05c4af7,0xf84bd20098cbf4148dc24177ef37d778af5ab390,25114061,transaction,/media/dheeman/Seagate Backup Plus Drive1/EthereumCode_Mushfiq/EthereumScripts/NotUploadable/Ethereum_TT_25112101_25119300/Transaction_TokenTransfer_25114001_25114100/transaction_25114061.csv,374,0xe934039cf4623836af4c86feff639284a15c74d8e47cf3f88f875d0fca16ccd2,,1000000000
0xea21671b077e11f2679f5c8f013827cb55704af7,0xf84bd20098cbf4148dc24177ef37d778af5ab390,25114047,transaction,/media/dheeman/Seagate Backup Plus Drive1/EthereumCode_Mushfiq/EthereumScripts/NotUploadable/Ethereum_TT_25112101_25119300/Transaction_TokenTransfer_25114001_25114100/transaction_25114047.csv,224,0xc6ed19f6869f45bfee0a71025730903dd698932f1b1a923fad4c660929401f93,,1000000000
0x54e1891c3a0c66dce6aba660c1b6bd452f040b6d,0xf84bd20098cbf4148dc24177ef37d778af5ab390,25112751,transaction,/media/dheeman/Seagate Backup Plus Drive1/EthereumCode_Mushfiq/EthereumScripts/NotUploadable/Ethereum_TT_25112101_25119300/Transaction_TokenTransfer_25112701_25112800/transaction_25112751.csv,419,0x2eb4427b2e8bc5e999da9af84204d6fbe62895479c5905fc40f0df7b3a50b937,,1000000000
0x092e57c4ed8daf63f874756f450b48bd4b5ca81e,0xf84bd20098cbf4148dc24177ef37d778af5ab390,25112750,transaction,/media/dheeman/Seagate Backup Plus Drive1/EthereumCode_Mushfiq/EthereumScripts/NotUploadable/Ethereum_TT_25112101_25119300/Transaction_TokenTransfer_25112701_25112800/transaction_25112750.csv,103,0x88014dbf8afb2ddcdb4048b9ebb5f4e8062fe46781b0e32ff5ed974d5bc42379,,1000000000
0x36c306677435e7e445454e8aa6ff4883568ffc6d,0xf84bd20098cbf4148dc24177ef37d778af5ab390,25112650,transaction,/media/dheeman/Seagate Backup Plus Drive1/EthereumCode_Mushfiq/EthereumScripts/NotUploadable/Ethereum_TT_25112101_25119300/Transaction_TokenTransfer_25112601_25112700/transaction_25112650.csv,35,0xe941f44ff42cff8d78136866ecbe92a0e9314043d854425063581bd5cae12403,,2999955024179985000
0xb97f4144ce3c4cc8a1b882d4a44ecae3c028b930,0x7e41d7a28536db1774bb9c432615eae8e7b85517,25116677,transaction,/media/dheeman/Seagate Backup Plus Drive1/EthereumCode_Mushfiq/EthereumScripts/NotUploadable/Ethereum_TT_25112101_25119300/Transaction_TokenTransfer_25116601_25116700/transaction_25116677.csv,41,0xd84558849cc3a12ff0cb1113e6c723d77f0d0eec5bb92631c30fe5157d735047,,277551305725791792
0x46a125c7cd537848235d3660b469d5dc8c26c053,0xb97f4144ce3c4cc8a1b882d4a44ecae3c028b930,25116524,token_transfer,/media/dheeman/Seagate Backup Plus Drive1/EthereumCode_Mushfiq/EthereumScripts/NotUploadable/Ethereum_TT_25112101_25119300/Transaction_TokenTransfer_25116501_25116600/token_transfer_25116524.csv,266,0x2c1cb83bb980ab56f29c0eed918eb07ed266b3ae11a89107a47205515aeff8f2,0xdac17f958d2ee523a2206206994597c13d831ec7,378
0x00009d17b7b809e38f30892cff11650763b80000,0x46a125c7cd537848235d3660b469d5dc8c26c053,25115447,token_transfer,/media/dheeman/Seagate Backup Plus Drive1/EthereumCode_Mushfiq/EthereumScripts/NotUploadable/Ethereum_TT_25112101_25119300/Transaction_TokenTransfer_25115401_25115500/token_transfer_25115447.csv,1443,0xf552cace4b6c52ccc832e65d1428ffc7656c7dfe007fed1daa48f69b0533172c,0xdac17f958d2ee523a2206206994597c13d831ec7,1890
0x46ad862063088260ccf49c7fccd1aad1e313c053,0xb97f4144ce3c4cc8a1b882d4a44ecae3c028b930,25116205,token_transfer,/media/dheeman/Seagate Backup Plus Drive1/EthereumCode_Mushfiq/EthereumScripts/NotUploadable/Ethereum_TT_25112101_25119300/Transaction_TokenTransfer_25116201_25116300/token_transfer_25116205.csv,583,0x9003c163e3a42c28f7982e75bc65f8278a74699c1ad22e359fddcb761e3f2396,0xdac17f958d2ee523a2206206994597c13d831ec7,3780
0x7d9f4ca54131e588fc1fe577973b55fb11231e76,0x46ad862063088260ccf49c7fccd1aad1e313c053,25116202,token_transfer,/media/dheeman/Seagate Backup Plus Drive1/EthereumCode_Mushfiq/EthereumScripts/NotUploadable/Ethereum_TT_25112101_25119300/Transaction_TokenTransfer_25116201_25116300/token_transfer_25116202.csv,714,0x81d6a29d4358e0f8b3372f25a21fab989c337ce1f026ca4d493cf840f550e39a,0xdac17f958d2ee523a2206206994597c13d831ec7,3780
0x7d9f4ca54131e588fc1fe577973b55fb11231e76,0x46ad862063088260ccf49c7fccd1aad1e313c053,25116202,token_transfer,/media/dheeman/Seagate Backup Plus Drive1/EthereumCode_Mushfiq/EthereumScripts/NotUploadable/Ethereum_TT_25112101_25119300/Transaction_TokenTransfer_25116201_25116300/token_transfer_25116202.csv,725,0x81d6a29d4358e0f8b3372f25a21fab989c337ce1f026ca4d493cf840f550e39a,0xdac17f958d2ee523a2206206994597c13d831ec7,3780
0x46a125c7cd537848235d3660b469d5dc8c26c053,0xb97f4144ce3c4cc8a1b882d4a44ecae3c028b930,25115469,token_transfer,/media/dheeman/Seagate Backup Plus Drive1/EthereumCode_Mushfiq/EthereumScripts/NotUploadable/Ethereum_TT_25112101_25119300/Transaction_TokenTransfer_25115401_25115500/token_transfer_25115469.csv,1397,0x21d62d38f6ef57f7b918b4d981cbc1f87c4796c80ae96361699b0de0c1e83232,0xdac17f958d2ee523a2206206994597c13d831ec7,378
0x46a1c6f50bf1bccc568081847a78d400c10ac053,0xb97f4144ce3c4cc8a1b882d4a44ecae3c028b930,25115405,transaction,/media/dheeman/Seagate Backup Plus Drive1/EthereumCode_Mushfiq/EthereumScripts/NotUploadable/Ethereum_TT_25112101_25119300/Transaction_TokenTransfer_25115401_25115500/transaction_25115405.csv,151,0xa4a064504fd5c6b7854d3aa50cfcf4d92b3515e257e8419c24483b32d6fb5f4a,,1000000000
0xb97f4144ce3c4cc8a1b882d4a44ecae3c028b930,0x46a1c6f50bf1bccc568081847a78d400c10ac053,25115387,token_transfer,/media/dheeman/Seagate Backup Plus Drive1/EthereumCode_Mushfiq/EthereumScripts/NotUploadable/Ethereum_TT_25112101_25119300/Transaction_TokenTransfer_25115301_25115400/token_transfer_25115387.csv,1409,0x37a4bd671ba80f6451fccf2d728aba627ff3ab8ba418b359544714622485ab68,0xdac17f958d2ee523a2206206994597c13d831ec7,0
0x359441b6dc69a3c963d7a7a8c4fbf7cbaca8152e,0x46a1c6f50bf1bccc568081847a78d400c10ac053,25115371,token_transfer,/media/dheeman/Seagate Backup Plus Drive1/EthereumCode_Mushfiq/EthereumScripts/NotUploadable/Ethereum_TT_25112101_25119300/Transaction_TokenTransfer_25115301_25115400/token_transfer_25115371.csv,400,0x19abf80d779ab3c0087d9d0dd67180a983abedf81d049b0ee1afa06a0697b769,0xdac17f958d2ee523a2206206994597c13d831ec7,0
0x17af9faa44cce36381d45d9e65b76c558b2ea41a,0xb97f4144ce3c4cc8a1b882d4a44ecae3c028b930,25115376,transaction,/media/dheeman/Seagate Backup Plus Drive1/EthereumCode_Mushfiq/EthereumScripts/NotUploadable/Ethereum_TT_25112101_25119300/Transaction_TokenTransfer_25115301_25115400/transaction_25115376.csv,220,0x834923be0fdf51e519d86d7a8b30b268729d7f9b4edbdfc2216ff080539c96a7,,1009581631174608000
0xc3cec9129bb7ffb6c855dc7aca418a86c1b9192a,0xb97f4144ce3c4cc8a1b882d4a44ecae3c028b930,25115359,token_transfer,/media/dheeman/Seagate Backup Plus Drive1/EthereumCode_Mushfiq/EthereumScripts/NotUploadable/Ethereum_TT_25112101_25119300/Transaction_TokenTransfer_25115301_25115400/token_transfer_25115359.csv,64,0xdb6e0ac0b45d353d3c8aa04b0159d605fb60588d838d9b033a4cab13929cbe1e,0xdac17f958d2ee523a2206206994597c13d831ec7,7283200000
0x1ab4973a48dc892cd9971ece8e01dcc7688f8f23,0xc3cec9129bb7ffb6c855dc7aca418a86c1b9192a,25115350,token_transfer,/media/dheeman/Seagate Backup Plus Drive1/EthereumCode_Mushfiq/EthereumScripts/NotUploadable/Ethereum_TT_25112101_25119300/Transaction_TokenTransfer_25115301_25115400/token_transfer_25115350.csv,68,0xd3fc92cdd1ade5cc976d345ec917528d59d8951cef16718335673c9a0ea12234,0xdac17f958d2ee523a2206206994597c13d831ec7,7283200000
0x1ab4973a48dc892cd9971ece8e01dcc7688f8f23,0xc3cec9129bb7ffb6c855dc7aca418a86c1b9192a,25115248,token_transfer,/media/dheeman/Seagate Backup Plus Drive1/EthereumCode_Mushfiq/EthereumScripts/NotUploadable/Ethereum_TT_25112101_25119300/Transaction_TokenTransfer_25115201_25115300/token_transfer_25115248.csv,246,0x62062e88cba08c1434b7f86f2cd75e486be975bc8c3b632b86a7ef9c53b7a5be,0xdac17f958d2ee523a2206206994597c13d831ec7,5499200000
0x1ab4973a48dc892cd9971ece8e01dcc7688f8f23,0xc3cec9129bb7ffb6c855dc7aca418a86c1b9192a,25114837,token_transfer,/media/dheeman/Seagate Backup Plus Drive1/EthereumCode_Mushfiq/EthereumScripts/NotUploadable/Ethereum_TT_25112101_25119300/Transaction_TokenTransfer_25114801_25114900/token_transfer_25114837.csv,47,0x03177b51bcdb2373b95c7cc7fca161937ad2d76e8372b789fe4bb786473cb5c1,0xdac17f958d2ee523a2206206994597c13d831ec7,3999200000
0xf14c118491a3bcc9663adbf50b618608ae316c7f,0xc3cec9129bb7ffb6c855dc7aca418a86c1b9192a,25114594,token_transfer,/media/dheeman/Seagate Backup Plus Drive1/EthereumCode_Mushfiq/EthereumScripts/NotUploadable/Ethereum_TT_25112101_25119300/Transaction_TokenTransfer_25114501_25114600/token_transfer_25114594.csv,56,0xaccb22e5d6f42af4237b3deb6b686bca19364413b1e1f59f67588848914086ed,0xdac17f958d2ee523a2206206994597c13d831ec7,149
0x1ab4973a48dc892cd9971ece8e01dcc7688f8f23,0xc3cec9129bb7ffb6c855dc7aca418a86c1b9192a,25114573,token_transfer,/media/dheeman/Seagate Backup Plus Drive1/EthereumCode_Mushfiq/EthereumScripts/NotUploadable/Ethereum_TT_25112101_25119300/Transaction_TokenTransfer_25114501_25114600/token_transfer_25114573.csv,660,0x247907cd21e4e63e06b359e0a8adf36fa7e66f868ca306f61541b403fcb2559e,0xdac17f958d2ee523a2206206994597c13d831ec7,14933200000
0xf14cc59f951765238b6e1de6526e94ccc85f6c7f,0x7e41d7a28536db1774bb9c432615eae8e7b85517,25116676,transaction,/media/dheeman/Seagate Backup Plus Drive1/EthereumCode_Mushfiq/EthereumScripts/NotUploadable/Ethereum_TT_25112101_25119300/Transaction_TokenTransfer_25116601_25116700/transaction_25116676.csv,14,0xe2a95829265906b3bc0202a27a07281d138a5c61ed9551c6673dd0161282f1f9,,477335050211507486
0x67fddb541c4ed17123658f2881a076cd7871d60d,0xf14cc59f951765238b6e1de6526e94ccc85f6c7f,25114814,transaction,/media/dheeman/Seagate Backup Plus Drive1/EthereumCode_Mushfiq/EthereumScripts/NotUploadable/Ethereum_TT_25112101_25119300/Transaction_TokenTransfer_25114801_25114900/transaction_25114814.csv,267,0x8bb82f299e1d4eda9cc910692cd9b82715b748e7dc59e007b868673caf4d5805,,1000000000
0x67fd648f715c99bbcec6f2064e3e260ff2f5d60d,0xf14cc59f951765238b6e1de6526e94ccc85f6c7f,25114791,transaction,/media/dheeman/Seagate Backup Plus Drive1/EthereumCode_Mushfiq/EthereumScripts/NotUploadable/Ethereum_TT_25112101_25119300/Transaction_TokenTransfer_25114701_25114800/transaction_25114791.csv,445,0x0b88afb250a72f82d064559fd6f9e25343c91b7b9ef42ed53938ad6f93db14a8,,1000000000
0xfa1d1d0d6b669bde9dcab12ae6c65d03ec725df5,0xf14cc59f951765238b6e1de6526e94ccc85f6c7f,25114594,token_transfer,/media/dheeman/Seagate Backup Plus Drive1/EthereumCode_Mushfiq/EthereumScripts/NotUploadable/Ethereum_TT_25112101_25119300/Transaction_TokenTransfer_25114501_25114600/token_transfer_25114594.csv,65,0xaccb22e5d6f42af4237b3deb6b686bca19364413b1e1f59f67588848914086ed,0xdac17f958d2ee523a2206206994597c13d831ec7,160
0x5ab3b4c02b74f36b27af296a6c7e8206b58ecfd9,0xf14cc59f951765238b6e1de6526e94ccc85f6c7f,25114592,token_transfer,/media/dheeman/Seagate Backup Plus Drive1/EthereumCode_Mushfiq/EthereumScripts/NotUploadable/Ethereum_TT_25112101_25119300/Transaction_TokenTransfer_25114501_25114600/token_transfer_25114592.csv,52,0xe72d4a0c1f6bfc89546ad8865f85529e375c986adf7c543626732a5106bb23d1,0xdac17f958d2ee523a2206206994597c13d831ec7,303729545
0x5ea80e24c00e8f39fefc17bc4e4445a53d1cac25,0x5ab3b4c02b74f36b27af296a6c7e8206b58ecfd9,25114591,transaction,/media/dheeman/Seagate Backup Plus Drive1/EthereumCode_Mushfiq/EthereumScripts/NotUploadable/Ethereum_TT_25112101_25119300/Transaction_TokenTransfer_25114501_25114600/transaction_25114591.csv,65,0x2648c8f394be3ede62298b8825379322daa743009d123d47444ebccaf56797ae,,244124853653000
0x44109379b213054191acab9b909434fa9ceb2ad8,0xf14cc59f951765238b6e1de6526e94ccc85f6c7f,25114591,token_transfer,/media/dheeman/Seagate Backup Plus Drive1/EthereumCode_Mushfiq/EthereumScripts/NotUploadable/Ethereum_TT_25112101_25119300/Transaction_TokenTransfer_25114501_25114600/token_transfer_25114591.csv,48,0xe960d55cf910af330706978124779f13275421ca87d16722d220df540386651e,0xdac17f958d2ee523a2206206994597c13d831ec7,228121268
0x644488eb67ae5396709861d1d741dadc30f7f56e,0xf14cc59f951765238b6e1de6526e94ccc85f6c7f,25114589,transaction,/media/dheeman/Seagate Backup Plus Drive1/EthereumCode_Mushfiq/EthereumScripts/NotUploadable/Ethereum_TT_25112101_25119300/Transaction_TokenTransfer_25114501_25114600/transaction_25114589.csv,36,0xab27ba8484fb10ceb6c768fdc6e22eb9eb10234e8ad2af59bf6f03676694a555,,1873034835953130000
0x162ad7ecb053a519e82b6c425bbdc66b8a61eaca,0x644488eb67ae5396709861d1d741dadc30f7f56e,25114501,transaction,/media/dheeman/Seagate Backup Plus Drive1/EthereumCode_Mushfiq/EthereumScripts/NotUploadable/Ethereum_TT_25112101_25119300/Transaction_TokenTransfer_25114501_25114600/transaction_25114501.csv,407,0xddd96f5e13298770f8a6e23f35474e7f4342b2517018fdf689f7f652832d1b92,,1000000000
0x162aa384383e328cba79a0f3b54605e382c6eaca,0x644488eb67ae5396709861d1d741dadc30f7f56e,25114474,transaction,/media/dheeman/Seagate Backup Plus Drive1/EthereumCode_Mushfiq/EthereumScripts/NotUploadable/Ethereum_TT_25112101_25119300/Transaction_TokenTransfer_25114401_25114500/transaction_25114474.csv,288,0x066ebdee15539915fa199816b782c6759c6e522d59998392bb6b159180c09dc0,,1000000000
0x162ee259e3d38f20d6faab9b0e2437497544eaca,0x644488eb67ae5396709861d1d741dadc30f7f56e,25114455,transaction,/media/dheeman/Seagate Backup Plus Drive1/EthereumCode_Mushfiq/EthereumScripts/NotUploadable/Ethereum_TT_25112101_25119300/Transaction_TokenTransfer_25114401_25114500/transaction_25114455.csv,91,0x0b3812cd4038804748bed7c616ab4cafe645c21280789c76c07bc46b0ef0f8c1,,0
0xa48311dcc07c3628c6dfc90126f04d2e3d5d4844,0x644488eb67ae5396709861d1d741dadc30f7f56e,25114455,transaction,/media/dheeman/Seagate Backup Plus Drive1/EthereumCode_Mushfiq/EthereumScripts/NotUploadable/Ethereum_TT_25112101_25119300/Transaction_TokenTransfer_25114401_25114500/transaction_25114455.csv,93,0x33109cd9c6046ba748d6a82180e2a7235ce7c4e3fd42abdda355856902c0f646,,0
0x3c69952e3141c04470ba8f8cb573ce539db49d25,0x644488eb67ae5396709861d1d741dadc30f7f56e,25114427,transaction,/media/dheeman/Seagate Backup Plus Drive1/EthereumCode_Mushfiq/EthereumScripts/NotUploadable/Ethereum_TT_25112101_25119300/Transaction_TokenTransfer_25114401_25114500/transaction_25114427.csv,179,0x4fc179a49ab16e4ee11ff2a165fb8dd9b78475533265fc38cec3ac28df61e874,,4800000000000000000
0x41d9aa63eb9f6ecdfa10b5c24280d7ab4ff36ac1,0xf14cc59f951765238b6e1de6526e94ccc85f6c7f,25114589,token_transfer,/media/dheeman/Seagate Backup Plus Drive1/EthereumCode_Mushfiq/EthereumScripts/NotUploadable/Ethereum_TT_25112101_25119300/Transaction_TokenTransfer_25114501_25114600/token_transfer_25114589.csv,69,0x8c4ebb55266012bdf91d9b53b0a0e227b3a5f381c335f2b2554d509aaf157369,0xdac17f958d2ee523a2206206994597c13d831ec7,952475637
0xba9baf07bbbcfbb5b791d5e0b52772505b277506,0x41d9aa63eb9f6ecdfa10b5c24280d7ab4ff36ac1,25114565,token_transfer,/media/dheeman/Seagate Backup Plus Drive1/EthereumCode_Mushfiq/EthereumScripts/NotUploadable/Ethereum_TT_25112101_25119300/Transaction_TokenTransfer_25114501_25114600/token_transfer_25114565.csv,458,0xf81a1db0795e7ee4912f294d53f30e179ed57e3e7c0e7a23f257b099448f11b3,0xdac17f958d2ee523a2206206994597c13d831ec7,999820000
0xe4ba61027940662c0113a25c774506a5309f64b6,0x41d9aa63eb9f6ecdfa10b5c24280d7ab4ff36ac1,25112637,transaction,/media/dheeman/Seagate Backup Plus Drive1/EthereumCode_Mushfiq/EthereumScripts/NotUploadable/Ethereum_TT_25112101_25119300/Transaction_TokenTransfer_25112601_25112700/transaction_25112637.csv,20,0x6c183636519f19cb7f574a978f44cb094f32f5943ae0d63332b43cef04fb6ef8,,1519383276390880
0x98fdc3c7b138bccad87fe9d682d213d2628cc609,0x41d9aa63eb9f6ecdfa10b5c24280d7ab4ff36ac1,25112629,token_transfer,/media/dheeman/Seagate Backup Plus Drive1/EthereumCode_Mushfiq/EthereumScripts/NotUploadable/Ethereum_TT_25112101_25119300/Transaction_TokenTransfer_25112601_25112700/token_transfer_25112629.csv,68,0x66ca5816b3dcb5ce1e786832af81b27a66667c012f999c822dfb72b1d3ccefe6,0xdac17f958d2ee523a2206206994597c13d831ec7,4890000000
0xe133beccebfdf76ac83fcc4cbf2288faf636f2d3,0xf14cc59f951765238b6e1de6526e94ccc85f6c7f,25114589,token_transfer,/media/dheeman/Seagate Backup Plus Drive1/EthereumCode_Mushfiq/EthereumScripts/NotUploadable/Ethereum_TT_25112101_25119300/Transaction_TokenTransfer_25114501_25114600/token_transfer_25114589.csv,70,0x3c7809e9b36ba690bb7b09f78af94d79557d22150e2d11873cbb7b68734eda35,0xdac17f958d2ee523a2206206994597c13d831ec7,939722193
0x829425b2a5be38ea5eea308fbe449fb9a63eb1fc,0xe133beccebfdf76ac83fcc4cbf2288faf636f2d3,25113743,transaction,/media/dheeman/Seagate Backup Plus Drive1/EthereumCode_Mushfiq/EthereumScripts/NotUploadable/Ethereum_TT_25112101_25119300/Transaction_TokenTransfer_25113701_25113800/transaction_25113743.csv,213,0x3456adf00461b1405591773906399576372792c58a7f931aa45f4480012f0c1a,,1000000000
0x5027fe2d3d5d47467022833999765ac8d31923c2,0xe133beccebfdf76ac83fcc4cbf2288faf636f2d3,25112585,token_transfer,/media/dheeman/Seagate Backup Plus Drive1/EthereumCode_Mushfiq/EthereumScripts/NotUploadable/Ethereum_TT_25112101_25119300/Transaction_TokenTransfer_25112501_25112600/token_transfer_25112585.csv,214,0xb8bbd58cb5d05a71b0d95e71540c872e9775e4a2bc86b3867c9e840549e019b7,0xdac17f958d2ee523a2206206994597c13d831ec7,138
0xa6354d56e6c1006cc4cfbbee27a2618a2ebae253,0xe133beccebfdf76ac83fcc4cbf2288faf636f2d3,25112579,transaction,/media/dheeman/Seagate Backup Plus Drive1/EthereumCode_Mushfiq/EthereumScripts/NotUploadable/Ethereum_TT_25112101_25119300/Transaction_TokenTransfer_25112501_25112600/transaction_25112579.csv,294,0xea69638d6cf5555bbcc77f80ee26ae608472b87647f247cf39f3f2255971f1bc,,75390089664581246
0x98fdc3c7b138bccad87fe9d682d213d2628cc609,0xe133beccebfdf76ac83fcc4cbf2288faf636f2d3,25112568,token_transfer,/media/dheeman/Seagate Backup Plus Drive1/EthereumCode_Mushfiq/EthereumScripts/NotUploadable/Ethereum_TT_25112101_25119300/Transaction_TokenTransfer_25112501_25112600/token_transfer_25112568.csv,87,0x87375a6a732b864b56c6b519b6fbec7d14d01054357a7419fc34870c8ae9ed01,0xdac17f958d2ee523a2206206994597c13d831ec7,15800000000
0xc3cec9129bb7ffb6c855dc7aca418a86c1b9192a,0xf14cc59f951765238b6e1de6526e94ccc85f6c7f,25114586,token_transfer,/media/dheeman/Seagate Backup Plus Drive1/EthereumCode_Mushfiq/EthereumScripts/NotUploadable/Ethereum_TT_25112101_25119300/Transaction_TokenTransfer_25114501_25114600/token_transfer_25114586.csv,42,0x190cb607898116a33330712d99a7396f3dbe5fafdd446b10e3644ed8fb4d035a,0xdac17f958d2ee523a2206206994597c13d831ec7,14933200000
0xb2c3fa8a1ba9197e0a800c56411208752f87f58d,0x7e41d7a28536db1774bb9c432615eae8e7b85517,25116676,transaction,/media/dheeman/Seagate Backup Plus Drive1/EthereumCode_Mushfiq/EthereumScripts/NotUploadable/Ethereum_TT_25112101_25119300/Transaction_TokenTransfer_25116601_25116700/transaction_25116676.csv,16,0xc281829fc0a330c05c5aba67578fb6337f219193a48818f1c6f6bbb35e7762ce,,1247156966665290
0x41d9aa63eb9f6ecdfa10b5c24280d7ab4ff36ac1,0x7e41d7a28536db1774bb9c432615eae8e7b85517,25116676,transaction,/media/dheeman/Seagate Backup Plus Drive1/EthereumCode_Mushfiq/EthereumScripts/NotUploadable/Ethereum_TT_25112101_25119300/Transaction_TokenTransfer_25116601_25116700/transaction_25116676.csv,17,0xb53d9b463c7e617c8bcb45a7fc5d8f6b8c59de09278143838168285998712049,,1179156752470597
0x359441b6dc69a3c963d7a7a8c4fbf7cbaca8152e,0x7e41d7a28536db1774bb9c432615eae8e7b85517,25116676,transaction,/media/dheeman/Seagate Backup Plus Drive1/EthereumCode_Mushfiq/EthereumScripts/NotUploadable/Ethereum_TT_25112101_25119300/Transaction_TokenTransfer_25116601_25116700/transaction_25116676.csv,19,0x925faabb6374fa88bf3ec5f54b48234f1e7afa6df749f916a72a5c5d9e8b713a,,858206732845043817
0xb7550aa32f0393daa04b9362dd02d642bc529bf2,0x359441b6dc69a3c963d7a7a8c4fbf7cbaca8152e,25116532,token_transfer,/media/dheeman/Seagate Backup Plus Drive1/EthereumCode_Mushfiq/EthereumScripts/NotUploadable/Ethereum_TT_25112101_25119300/Transaction_TokenTransfer_25116501_25116600/token_transfer_25116532.csv,113,0xade1048475185f278e48755b299376bb41f61b9644d400d427d6488a1817e99f,0xdac17f958d2ee523a2206206994597c13d831ec7,1142
0x7d9f4ca54131e588fc1fe577973b55fb11231e76,0xb7550aa32f0393daa04b9362dd02d642bc529bf2,25116530,token_transfer,/media/dheeman/Seagate Backup Plus Drive1/EthereumCode_Mushfiq/EthereumScripts/NotUploadable/Ethereum_TT_25112101_25119300/Transaction_TokenTransfer_25116501_25116600/token_transfer_25116530.csv,119,0x94b6364c3ded477210c5c1149b8aa56534a9ef25adbee9cb36ceb5220020867b,0xdac17f958d2ee523a2206206994597c13d831ec7,1142
0x2ce941417cb123d8914262b959d5f0ccb0e6cf9a,0x359441b6dc69a3c963d7a7a8c4fbf7cbaca8152e,25116501,token_transfer,/media/dheeman/Seagate Backup Plus Drive1/EthereumCode_Mushfiq/EthereumScripts/NotUploadable/Ethereum_TT_25112101_25119300/Transaction_TokenTransfer_25116501_25116600/token_transfer_25116501.csv,913,0x232098c51677aac46773a928cfe68c7fcdc2c53d77c03095e2b421ee304d646a,0xdac17f958d2ee523a2206206994597c13d831ec7,206
0x00009d17b7b809e38f30892cff11650763b80000,0x2ce941417cb123d8914262b959d5f0ccb0e6cf9a,25115447,token_transfer,/media/dheeman/Seagate Backup Plus Drive1/EthereumCode_Mushfiq/EthereumScripts/NotUploadable/Ethereum_TT_25112101_25119300/Transaction_TokenTransfer_25115401_25115500/token_transfer_25115447.csv,1441,0xf552cace4b6c52ccc832e65d1428ffc7656c7dfe007fed1daa48f69b0533172c,0xdac17f958d2ee523a2206206994597c13d831ec7,1030
0x46a125c7cd537848235d3660b469d5dc8c26c053,0x359441b6dc69a3c963d7a7a8c4fbf7cbaca8152e,25116501,token_transfer,/media/dheeman/Seagate Backup Plus Drive1/EthereumCode_Mushfiq/EthereumScripts/NotUploadable/Ethereum_TT_25112101_25119300/Transaction_TokenTransfer_25116501_25116600/token_transfer_25116501.csv,914,0x232098c51677aac46773a928cfe68c7fcdc2c53d77c03095e2b421ee304d646a,0xdac17f958d2ee523a2206206994597c13d831ec7,378
0x46264ab0bf72b27c992e9d0d061305f99bd3b2f9,0x359441b6dc69a3c963d7a7a8c4fbf7cbaca8152e,25116467,transaction,/media/dheeman/Seagate Backup Plus Drive1/EthereumCode_Mushfiq/EthereumScripts/NotUploadable/Ethereum_TT_25112101_25119300/Transaction_TokenTransfer_25116401_25116500/transaction_25116467.csv,186,0xb3e99d05fe3f092c4ed098a677dade8a4d466b0b4391f900450bc71309f72051,,1000000000
0x46ad862063088260ccf49c7fccd1aad1e313c053,0x359441b6dc69a3c963d7a7a8c4fbf7cbaca8152e,25116209,token_transfer,/media/dheeman/Seagate Backup Plus Drive1/EthereumCode_Mushfiq/EthereumScripts/NotUploadable/Ethereum_TT_25112101_25119300/Transaction_TokenTransfer_25116201_25116300/token_transfer_25116209.csv,189,0x640aa661bd41b27194d4ba3afd38a1e3d5b3277bd688c21d93c2626c83d7217d,0xdac17f958d2ee523a2206206994597c13d831ec7,3780
0x2ce4389bcf14a20a379e8abab31aecba6812cf9a,0x359441b6dc69a3c963d7a7a8c4fbf7cbaca8152e,25116206,token_transfer,/media/dheeman/Seagate Backup Plus Drive1/EthereumCode_Mushfiq/EthereumScripts/NotUploadable/Ethereum_TT_25112101_25119300/Transaction_TokenTransfer_25116201_25116300/token_transfer_25116206.csv,717,0x52d07eb9b05e726f5f86dea302e318ebecf120f940061510b8663043df952596,0xdac17f958d2ee523a2206206994597c13d831ec7,2069
0x7d9f4ca54131e588fc1fe577973b55fb11231e76,0x2ce4389bcf14a20a379e8abab31aecba6812cf9a,25116202,token_transfer,/media/dheeman/Seagate Backup Plus Drive1/EthereumCode_Mushfiq/EthereumScripts/NotUploadable/Ethereum_TT_25112101_25119300/Transaction_TokenTransfer_25116201_25116300/token_transfer_25116202.csv,728,0x81d6a29d4358e0f8b3372f25a21fab989c337ce1f026ca4d493cf840f550e39a,0xdac17f958d2ee523a2206206994597c13d831ec7,2069
0x2ce941417cb123d8914262b959d5f0ccb0e6cf9a,0x359441b6dc69a3c963d7a7a8c4fbf7cbaca8152e,25115447,token_transfer,/media/dheeman/Seagate Backup Plus Drive1/EthereumCode_Mushfiq/EthereumScripts/NotUploadable/Ethereum_TT_25112101_25119300/Transaction_TokenTransfer_25115401_25115500/token_transfer_25115447.csv,1534,0xf552cace4b6c52ccc832e65d1428ffc7656c7dfe007fed1daa48f69b0533172c,0xdac17f958d2ee523a2206206994597c13d831ec7,206
0x46a125c7cd537848235d3660b469d5dc8c26c053,0x359441b6dc69a3c963d7a7a8c4fbf7cbaca8152e,25115447,token_transfer,/media/dheeman/Seagate Backup Plus Drive1/EthereumCode_Mushfiq/EthereumScripts/NotUploadable/Ethereum_TT_25112101_25119300/Transaction_TokenTransfer_25115401_25115500/token_transfer_25115447.csv,1536,0xf552cace4b6c52ccc832e65d1428ffc7656c7dfe007fed1daa48f69b0533172c,0xdac17f958d2ee523a2206206994597c13d831ec7,378
0xc3cec9129bb7ffb6c855dc7aca418a86c1b9192a,0x359441b6dc69a3c963d7a7a8c4fbf7cbaca8152e,25115258,token_transfer,/media/dheeman/Seagate Backup Plus Drive1/EthereumCode_Mushfiq/EthereumScripts/NotUploadable/Ethereum_TT_25112101_25119300/Transaction_TokenTransfer_25115201_25115300/token_transfer_25115258.csv,9,0xc9cc584f8b2797b7e37d007dbd6100ebfcf46aebaee2401da679caa5e357fd3e,0xdac17f958d2ee523a2206206994597c13d831ec7,5499200000
0x44109379b213054191acab9b909434fa9ceb2ad8,0x7e41d7a28536db1774bb9c432615eae8e7b85517,25116676,transaction,/media/dheeman/Seagate Backup Plus Drive1/EthereumCode_Mushfiq/EthereumScripts/NotUploadable/Ethereum_TT_25112101_25119300/Transaction_TokenTransfer_25116601_25116700/transaction_25116676.csv,21,0x5c5c8469ac5be62e16d59d03b853996751d7b4be4eaf28f8c7e4691717051723,,14023657976612788
0xe133beccebfdf76ac83fcc4cbf2288faf636f2d3,0x7e41d7a28536db1774bb9c432615eae8e7b85517,25116676,transaction,/media/dheeman/Seagate Backup Plus Drive1/EthereumCode_Mushfiq/EthereumScripts/NotUploadable/Ethereum_TT_25112101_25119300/Transaction_TokenTransfer_25116601_25116700/transaction_25116676.csv,28,0x0e1a0a74b613c4605efa9d4574fed710c47538d8b4b750782fb45a57a9876cb1,,75149645808717098
0x45300136662dd4e58fc0df61e6290dffd992b785,0x7e41d7a28536db1774bb9c432615eae8e7b85517,25115571,transaction,/media/dheeman/Seagate Backup Plus Drive1/EthereumCode_Mushfiq/EthereumScripts/NotUploadable/Ethereum_TT_25112101_25119300/Transaction_TokenTransfer_25115501_25115600/transaction_25115571.csv,99,0xbfc2466673ad25f1ef2107ecda5a5f637bc488508f9a15e06e4136a3e64720c0,,1425542400000000000
0xaff7ce9653f9d50e3e6e89d79bd226f9c34b9121,0x45300136662dd4e58fc0df61e6290dffd992b785,25115492,transaction,/media/dheeman/Seagate Backup Plus Drive1/EthereumCode_Mushfiq/EthereumScripts/NotUploadable/Ethereum_TT_25112101_25119300/Transaction_TokenTransfer_25115401_25115500/transaction_25115492.csv,266,0x63e9e599061432dd48a636bc2711c61842a74c87e85ff2fbab2537662563daaa,,89703292775817408
0x902a628d422ca28e0a869f641eb2963562660388,0xaff7ce9653f9d50e3e6e89d79bd226f9c34b9121,25115457,transaction,/media/dheeman/Seagate Backup Plus Drive1/EthereumCode_Mushfiq/EthereumScripts/NotUploadable/Ethereum_TT_25112101_25119300/Transaction_TokenTransfer_25115401_25115500/transaction_25115457.csv,21,0x47e273fd4d8d4193574358992e322889a22e8c731905c1b77d45c2526fd5f88a,,89765475164997152
0x902a628d422ca28e0a869f641eb2963562660388,0xaff7ce9653f9d50e3e6e89d79bd226f9c34b9121,25115453,token_transfer,/media/dheeman/Seagate Backup Plus Drive1/EthereumCode_Mushfiq/EthereumScripts/NotUploadable/Ethereum_TT_25112101_25119300/Transaction_TokenTransfer_25115401_25115500/token_transfer_25115453.csv,85,0x61186e06f380d33ed56ca4da3b1120ec4d0d4d2d23d7e158891f6d6e8ade3d55,0xa0b86991c6218b36c1d19d4a2e9eb0ce3606eb48,13353290901
0x8ce5893915cba3dcd57d875ab8f21a1e97b1f6f8,0x45300136662dd4e58fc0df61e6290dffd992b785,25115483,transaction,/media/dheeman/Seagate Backup Plus Drive1/EthereumCode_Mushfiq/EthereumScripts/NotUploadable/Ethereum_TT_25112101_25119300/Transaction_TokenTransfer_25115401_25115500/transaction_25115483.csv,358,0x1732da7423ce588aa19c1485037f3bd153a2b401800ecdf0bd2104cd314ba781,,201554362699315983
0x38efe473586e2829b907165d6087591f46a88751,0x8ce5893915cba3dcd57d875ab8f21a1e97b1f6f8,25115462,token_transfer,/media/dheeman/Seagate Backup Plus Drive1/EthereumCode_Mushfiq/EthereumScripts/NotUploadable/Ethereum_TT_25112101_25119300/Transaction_TokenTransfer_25115401_25115500/token_transfer_25115462.csv,1372,0x1b464b54f7bd93fee6884ffae74732ce8eba9db37761d09f1ec86679700d1f2c,0xa0b86991c6218b36c1d19d4a2e9eb0ce3606eb48,109682475
0xc8a8caf7be9f780b70e5b1784a35842b3ba8ef0e,0x45300136662dd4e58fc0df61e6290dffd992b785,25115483,transaction,/media/dheeman/Seagate Backup Plus Drive1/EthereumCode_Mushfiq/EthereumScripts/NotUploadable/Ethereum_TT_25112101_25119300/Transaction_TokenTransfer_25115401_25115500/transaction_25115483.csv,361,0x93c422968a14c2445bcc2bfba78677e55efd2bec41e59dda8010e21434487feb,,49044768149973751
0xbbd0d4d067d5af2065b1b6fd936d93237ae1c56c,0xc8a8caf7be9f780b70e5b1784a35842b3ba8ef0e,25115440,transaction,/media/dheeman/Seagate Backup Plus Drive1/EthereumCode_Mushfiq/EthereumScripts/NotUploadable/Ethereum_TT_25112101_25119300/Transaction_TokenTransfer_25115401_25115500/transaction_25115440.csv,116,0x20cf9a055b02521f801053a614479c0a8193dc48321f8d564879fc45835be035,,49067619594456751
0x3e19057fab794416c9130ef3b5d3e5b56dcb2328,0x45300136662dd4e58fc0df61e6290dffd992b785,25115483,transaction,/media/dheeman/Seagate Backup Plus Drive1/EthereumCode_Mushfiq/EthereumScripts/NotUploadable/Ethereum_TT_25112101_25119300/Transaction_TokenTransfer_25115401_25115500/transaction_25115483.csv,362,0xbf17e0223d33eb2a75303d9251870901e18062fa22f98a77ed59b948fd1be6e1,,226815555816926397
0x2cfa15d705cba40b1a9e74a4be2e73faca81b485,0x3e19057fab794416c9130ef3b5d3e5b56dcb2328,25115417,transaction,/media/dheeman/Seagate Backup Plus Drive1/EthereumCode_Mushfiq/EthereumScripts/NotUploadable/Ethereum_TT_25112101_25119300/Transaction_TokenTransfer_25115401_25115500/transaction_25115417.csv,183,0x0c7e77e547da4efbf7125693d82fac18c9d8235620d49d32ef523156b100345d,,226838407261409397
0x845eaab9036e65d106602b6ca4659633617a6f08,0x45300136662dd4e58fc0df61e6290dffd992b785,25115466,transaction,/media/dheeman/Seagate Backup Plus Drive1/EthereumCode_Mushfiq/EthereumScripts/NotUploadable/Ethereum_TT_25112101_25119300/Transaction_TokenTransfer_25115401_25115500/transaction_25115466.csv,114,0x809cca5345f51f7262a8651029203b207016dc6b061447ad79abbf4341797245,,1816042991779817167
0x1c37574a7f04f413b3ea4af204ac45f12beeada4,0x845eaab9036e65d106602b6ca4659633617a6f08,25115411,transaction,/media/dheeman/Seagate Backup Plus Drive1/EthereumCode_Mushfiq/EthereumScripts/NotUploadable/Ethereum_TT_25112101_25119300/Transaction_TokenTransfer_25115401_25115500/transaction_25115411.csv,104,0x6a27fdb54d25c826daf7d5acf6db52f4ca2b54248c197e067a02dc2b370e3867,,1816075448566575000
0x18412a72ed2d06aa1f2cef5e6eba712ba093af5a,0x45300136662dd4e58fc0df61e6290dffd992b785,25115384,transaction,/media/dheeman/Seagate Backup Plus Drive1/EthereumCode_Mushfiq/EthereumScripts/NotUploadable/Ethereum_TT_25112101_25119300/Transaction_TokenTransfer_25115301_25115400/transaction_25115384.csv,47,0xd7c8a05de8a481fd4dce418b339d83cb2c3931b48bd7bf1db412220110364585,,4999844351591564000
0x0bea61363d455cf1ceefc135be32703ac6626041,0x18412a72ed2d06aa1f2cef5e6eba712ba093af5a,25115349,transaction,/media/dheeman/Seagate Backup Plus Drive1/EthereumCode_Mushfiq/EthereumScripts/NotUploadable/Ethereum_TT_25112101_25119300/Transaction_TokenTransfer_25115301_25115400/transaction_25115349.csv,160,0x7899e5592ac376d54f2b1c43aff5bbfb756af91c8f267c8f4b9bb885b0bca9c5,,4999849697421200000
0x0bea61363d455cf1ceefc135be32703ac6626041,0x18412a72ed2d06aa1f2cef5e6eba712ba093af5a,25115179,transaction,/media/dheeman/Seagate Backup Plus Drive1/EthereumCode_Mushfiq/EthereumScripts/NotUploadable/Ethereum_TT_25112101_25119300/Transaction_TokenTransfer_25115101_25115200/transaction_25115179.csv,56,0x016fd7624fb0f23269bf89de92d36f078f5b5b5e25869685103f8037b063193e,,5000000000000000000
0x0bea61363d455cf1ceefc135be32703ac6626041,0x18412a72ed2d06aa1f2cef5e6eba712ba093af5a,25114686,transaction,/media/dheeman/Seagate Backup Plus Drive1/EthereumCode_Mushfiq/EthereumScripts/NotUploadable/Ethereum_TT_25112101_25119300/Transaction_TokenTransfer_25114601_25114700/transaction_25114686.csv,36,0x642a8775f7c175abe7aadd72c31c380f715bd97bc5371af76198cb6bee375d67,,5000000000000000000
0x0bea61363d455cf1ceefc135be32703ac6626041,0x18412a72ed2d06aa1f2cef5e6eba712ba093af5a,25114599,transaction,/media/dheeman/Seagate Backup Plus Drive1/EthereumCode_Mushfiq/EthereumScripts/NotUploadable/Ethereum_TT_25112101_25119300/Transaction_TokenTransfer_25114501_25114600/transaction_25114599.csv,33,0xca162b813d4ed0c086905a2ad1efa054d85c92a020b550e800b00e17058a0e98,,4000000000000000000
0x0bea61363d455cf1ceefc135be32703ac6626041,0x18412a72ed2d06aa1f2cef5e6eba712ba093af5a,25114477,transaction,/media/dheeman/Seagate Backup Plus Drive1/EthereumCode_Mushfiq/EthereumScripts/NotUploadable/Ethereum_TT_25112101_25119300/Transaction_TokenTransfer_25114401_25114500/transaction_25114477.csv,110,0xb192b4dbe6d740131d2101d52761c4307a4c84da3d1862a685090b46c2b5a6f1,,1000000000000000000
0x777f53d1709835798c4078ca4a54402e8bdc1320,0x45300136662dd4e58fc0df61e6290dffd992b785,25115384,transaction,/media/dheeman/Seagate Backup Plus Drive1/EthereumCode_Mushfiq/EthereumScripts/NotUploadable/Ethereum_TT_25112101_25119300/Transaction_TokenTransfer_25115301_25115400/transaction_25115384.csv,49,0x3936588a5cead7fd976da759be4cf2154df626d4cde238daf41ecd4c6659bb4c,,553841768234390511
0x498c87ba9ee22a59b64e5ca6c087fffc0cab357e,0x777f53d1709835798c4078ca4a54402e8bdc1320,25115316,transaction,/media/dheeman/Seagate Backup Plus Drive1/EthereumCode_Mushfiq/EthereumScripts/NotUploadable/Ethereum_TT_25112101_25119300/Transaction_TokenTransfer_25115301_25115400/transaction_25115316.csv,273,0x1b1efea93cfac58de5ac37f0526be3ed021d5ad303faca24aae25c8d7c835f5f,,553847184271541511
0x0344936ff22c35e7df5b1e66d77e9ae689569144,0x45300136662dd4e58fc0df61e6290dffd992b785,25115384,transaction,/media/dheeman/Seagate Backup Plus Drive1/EthereumCode_Mushfiq/EthereumScripts/NotUploadable/Ethereum_TT_25112101_25119300/Transaction_TokenTransfer_25115301_25115400/transaction_25115384.csv,50,0xdbf9dc4144b715b57ed4a1efb9f2bdc7865b78877b496746f65809370d7b88bf,,118444889794589000
0xfba2443e59f4e335c9dff950fc58e5c4e0468d20,0x45300136662dd4e58fc0df61e6290dffd992b785,25115384,transaction,/media/dheeman/Seagate Backup Plus Drive1/EthereumCode_Mushfiq/EthereumScripts/NotUploadable/Ethereum_TT_25112101_25119300/Transaction_TokenTransfer_25115301_25115400/transaction_25115384.csv,63,0x522d51841ad14d9e398cbdb17e2d24db7e3f9cf327300f095d67733fce4f061f,,644043962849000
0x60d1362b96e56fa88eac76126813127ec0856119,0x45300136662dd4e58fc0df61e6290dffd992b785,25115341,transaction,/media/dheeman/Seagate Backup Plus Drive1/EthereumCode_Mushfiq/EthereumScripts/NotUploadable/Ethereum_TT_25112101_25119300/Transaction_TokenTransfer_25115301_25115400/transaction_25115341.csv,241,0x4ac378569852a6eb5189a5f30e40059cc9a8c07484d26c31a79bfcd8c649d270,,44574087092160192
0x51609a24cd1aad7cd3525efca4212a596229f357,0x60d1362b96e56fa88eac76126813127ec0856119,25115207,transaction,/media/dheeman/Seagate Backup Plus Drive1/EthereumCode_Mushfiq/EthereumScripts/NotUploadable/Ethereum_TT_25112101_25119300/Transaction_TokenTransfer_25115201_25115300/transaction_25115207.csv,187,0xdc38910dc42c61c608c8eaa77071bc4e4eaf90ba3111c7b1687d1e72f05ee2c9,,44576987827284192
0x51609a24cd1aad7cd3525efca4212a596229f357,0x60d1362b96e56fa88eac76126813127ec0856119,25115202,token_transfer,/media/dheeman/Seagate Backup Plus Drive1/EthereumCode_Mushfiq/EthereumScripts/NotUploadable/Ethereum_TT_25112101_25119300/Transaction_TokenTransfer_25115201_25115300/token_transfer_25115202.csv,184,0x782cc9093cfece3ce99e87cc176ff5e6eb6802f0b98d2bb91b9597541b5bd159,0xa0b86991c6218b36c1d19d4a2e9eb0ce3606eb48,210553517
0xd15fe25ed0dba12fe05e7029c88b10c25e8880e3,0x8c30b75024a029306b092b8f4e5f06cc10bd2744,25115030,token_transfer,/media/dheeman/Seagate Backup Plus Drive1/EthereumCode_Mushfiq/EthereumScripts/NotUploadable/Ethereum_TT_25112101_25119300/Transaction_TokenTransfer_25115001_25115100/token_transfer_25115030.csv,807,0xb526c55c4cdafea50c6d624b3296fda162c84562d00501f2723e057108afd7a7,0xd4419c2d3daa986dc30444fa333a846be44fd1eb,133000000000000000000
0x233b04e2b8c6611a930f8974eb67057f9f2062ee,0xd15fe25ed0dba12fe05e7029c88b10c25e8880e3,25115030,transaction,/media/dheeman/Seagate Backup Plus Drive1/EthereumCode_Mushfiq/EthereumScripts/NotUploadable/Ethereum_TT_25112101_25119300/Transaction_TokenTransfer_25115001_25115100/transaction_25115030.csv,266,0xb526c55c4cdafea50c6d624b3296fda162c84562d00501f2723e057108afd7a7,,0
0xf3576ad4514d56cde53c5f41ca6ace5b2a40b565,0x233b04e2b8c6611a930f8974eb67057f9f2062ee,25115003,token_transfer,/media/dheeman/Seagate Backup Plus Drive1/EthereumCode_Mushfiq/EthereumScripts/NotUploadable/Ethereum_TT_25112101_25119300/Transaction_TokenTransfer_25115001_25115100/token_transfer_25115003.csv,485,0x610140df1ef8f98406f42575b52accdefc794b4f44f99f4d84b27083749c07e4,0xd4419c2d3daa986dc30444fa333a846be44fd1eb,800000000000000000000000
0x233b04e2b8c6611a930f8974eb67057f9f2062ee,0xd15fe25ed0dba12fe05e7029c88b10c25e8880e3,25115030,token_transfer,/media/dheeman/Seagate Backup Plus Drive1/EthereumCode_Mushfiq/EthereumScripts/NotUploadable/Ethereum_TT_25112101_25119300/Transaction_TokenTransfer_25115001_25115100/token_transfer_25115030.csv,744,0xb526c55c4cdafea50c6d624b3296fda162c84562d00501f2723e057108afd7a7,0xd4419c2d3daa986dc30444fa333a846be44fd1eb,24605000000000000000000
0x233b04e2b8c6611a930f8974eb67057f9f2062ee,0xd15fe25ed0dba12fe05e7029c88b10c25e8880e3,25115021,transaction,/media/dheeman/Seagate Backup Plus Drive1/EthereumCode_Mushfiq/EthereumScripts/NotUploadable/Ethereum_TT_25112101_25119300/Transaction_TokenTransfer_25115001_25115100/transaction_25115021.csv,247,0x139fc22cd85b3c652719a5af5564ef5d50a9ef83daf1255c8357c2e1e7c2be38,,0
0x233b04e2b8c6611a930f8974eb67057f9f2062ee,0xd15fe25ed0dba12fe05e7029c88b10c25e8880e3,25115021,token_transfer,/media/dheeman/Seagate Backup Plus Drive1/EthereumCode_Mushfiq/EthereumScripts/NotUploadable/Ethereum_TT_25112101_25119300/Transaction_TokenTransfer_25115001_25115100/token_transfer_25115021.csv,351,0x139fc22cd85b3c652719a5af5564ef5d50a9ef83daf1255c8357c2e1e7c2be38,0xd4419c2d3daa986dc30444fa333a846be44fd1eb,46018000000000000000000
0x93a5fa85128d68c9cd36b2fbb1c5b1ad3e6b8888,0xd15fe25ed0dba12fe05e7029c88b10c25e8880e3,25114622,transaction,/media/dheeman/Seagate Backup Plus Drive1/EthereumCode_Mushfiq/EthereumScripts/NotUploadable/Ethereum_TT_25112101_25119300/Transaction_TokenTransfer_25114601_25114700/transaction_25114622.csv,15,0x45548b9cda5b0f5de1b49e3befe0937cff047f0f3bd0fd32065ff743ab83a5a3,,0
0x33ffc177a7278ff84aab314a036bc7b799b7cc15,0x93a5fa85128d68c9cd36b2fbb1c5b1ad3e6b8888,25114614,token_transfer,/media/dheeman/Seagate Backup Plus Drive1/EthereumCode_Mushfiq/EthereumScripts/NotUploadable/Ethereum_TT_25112101_25119300/Transaction_TokenTransfer_25114601_25114700/token_transfer_25114614.csv,110,0xd6022ced590dc406be2dc87af8a22a569a356ecf2f2dcc42a0d3f804ce86b691,0xa0b86991c6218b36c1d19d4a2e9eb0ce3606eb48,972799940
0x93a5fa85128d68c9cd36b2fbb1c5b1ad3e6b8888,0x33ffc177a7278ff84aab314a036bc7b799b7cc15,25114614,transaction,/media/dheeman/Seagate Backup Plus Drive1/EthereumCode_Mushfiq/EthereumScripts/NotUploadable/Ethereum_TT_25112101_25119300/Transaction_TokenTransfer_25114601_25114700/transaction_25114614.csv,35,0xd6022ced590dc406be2dc87af8a22a569a356ecf2f2dcc42a0d3f804ce86b691,,0
0xbe53a109b494e5c9f97b9cd39fe969be68bf6204,0x33ffc177a7278ff84aab314a036bc7b799b7cc15,25114614,token_transfer,/media/dheeman/Seagate Backup Plus Drive1/EthereumCode_Mushfiq/EthereumScripts/NotUploadable/Ethereum_TT_25112101_25119300/Transaction_TokenTransfer_25114601_25114700/token_transfer_25114614.csv,108,0xd6022ced590dc406be2dc87af8a22a569a356ecf2f2dcc42a0d3f804ce86b691,0xa0b86991c6218b36c1d19d4a2e9eb0ce3606eb48,972799940
0x49691a03521fda7691859068a6c4a41eff96430c,0x33ffc177a7278ff84aab314a036bc7b799b7cc15,25114611,transaction,/media/dheeman/Seagate Backup Plus Drive1/EthereumCode_Mushfiq/EthereumScripts/NotUploadable/Ethereum_TT_25112101_25119300/Transaction_TokenTransfer_25114601_25114700/transaction_25114611.csv,120,0xd4f9ed43cfa87d8aa6f611050642cb4daf7026e96fa11956880dd64ee44fd06e,,0
0x8aa81f2217b693c1fcd1a44337e864305d1ea29c,0x33ffc177a7278ff84aab314a036bc7b799b7cc15,25114611,transaction,/media/dheeman/Seagate Backup Plus Drive1/EthereumCode_Mushfiq/EthereumScripts/NotUploadable/Ethereum_TT_25112101_25119300/Transaction_TokenTransfer_25114601_25114700/transaction_25114611.csv,121,0x9c712381c2ebf3b5791b9681f8d179c4d6487dab3532634b428e1710896d292e,,0
0x8ed89451d8ba9a90a3911b26d9ed656c184f654b,0x33ffc177a7278ff84aab314a036bc7b799b7cc15,25114611,transaction,/media/dheeman/Seagate Backup Plus Drive1/EthereumCode_Mushfiq/EthereumScripts/NotUploadable/Ethereum_TT_25112101_25119300/Transaction_TokenTransfer_25114601_25114700/transaction_25114611.csv,122,0x9f1651cfa65350a275c99724ffb3c0869c6bea827bfe5a8b70771d3261feb7b3,,0
0xc2710717d80e151d84df7a8f72cf5ee4b0a92a1f,0x33ffc177a7278ff84aab314a036bc7b799b7cc15,25114611,transaction,/media/dheeman/Seagate Backup Plus Drive1/EthereumCode_Mushfiq/EthereumScripts/NotUploadable/Ethereum_TT_25112101_25119300/Transaction_TokenTransfer_25114601_25114700/transaction_25114611.csv,124,0x06b2bc30e2d6781d78c1ec8146a184a800b1c4f09cc56c60f96eebdf33e293da,,0
0xc2b5e5ab67de5ff83b446becd9df8221b76e9ca7,0x33ffc177a7278ff84aab314a036bc7b799b7cc15,25114611,transaction,/media/dheeman/Seagate Backup Plus Drive1/EthereumCode_Mushfiq/EthereumScripts/NotUploadable/Ethereum_TT_25112101_25119300/Transaction_TokenTransfer_25114601_25114700/transaction_25114611.csv,127,0x3117058bc9d79f884b73bef91d3da3db2c49c0cfe9cdc555ea946240b7b5fa38,,0
0x06b7f63332835c9632fc95e0ecafd3e064b75d64,0x33ffc177a7278ff84aab314a036bc7b799b7cc15,25114611,transaction,/media/dheeman/Seagate Backup Plus Drive1/EthereumCode_Mushfiq/EthereumScripts/NotUploadable/Ethereum_TT_25112101_25119300/Transaction_TokenTransfer_25114601_25114700/transaction_25114611.csv,129,0x665596935cc2cafabb77e92a54b5c1ef0cb35d9a9d5842a205e81675575fda95,,0
0xc0dc71bdb49bb5c03ee11290990a709722771e62,0x33ffc177a7278ff84aab314a036bc7b799b7cc15,25114611,transaction,/media/dheeman/Seagate Backup Plus Drive1/EthereumCode_Mushfiq/EthereumScripts/NotUploadable/Ethereum_TT_25112101_25119300/Transaction_TokenTransfer_25114601_25114700/transaction_25114611.csv,131,0x3c8821d2d109700eccbebedd8b4ad2e540e292e10a72f1d3f9f9f5cce899b152,,0
0x74b0fd8d2118d7a6ffe81ca44056a166283bdcc4,0x33ffc177a7278ff84aab314a036bc7b799b7cc15,25114611,transaction,/media/dheeman/Seagate Backup Plus Drive1/EthereumCode_Mushfiq/EthereumScripts/NotUploadable/Ethereum_TT_25112101_25119300/Transaction_TokenTransfer_25114601_25114700/transaction_25114611.csv,133,0x507836dcd22640d504684d256c10dbb1ce3b92cbe7f0b26fc8c4b28b88921038,,0
0x49691a03521fda7691859068a6c4a41eff96430c,0x93a5fa85128d68c9cd36b2fbb1c5b1ad3e6b8888,25114611,token_transfer,/media/dheeman/Seagate Backup Plus Drive1/EthereumCode_Mushfiq/EthereumScripts/NotUploadable/Ethereum_TT_25112101_25119300/Transaction_TokenTransfer_25114601_25114700/token_transfer_25114611.csv,116,0xd4f9ed43cfa87d8aa6f611050642cb4daf7026e96fa11956880dd64ee44fd06e,0x33ffc177a7278ff84aab314a036bc7b799b7cc15,15174460
0x0000000000000000000000000000000000000000,0x49691a03521fda7691859068a6c4a41eff96430c,25113723,token_transfer,/media/dheeman/Seagate Backup Plus Drive1/EthereumCode_Mushfiq/EthereumScripts/NotUploadable/Ethereum_TT_25112101_25119300/Transaction_TokenTransfer_25113701_25113800/token_transfer_25113723.csv,291,0x6bcaa1952b992132efb54c7b845b22d4af03b6c1bebd55c20d8661234fd0abed,0x33ffc177a7278ff84aab314a036bc7b799b7cc15,15174460
0xd15fe25ed0dba12fe05e7029c88b10c25e8880e3,0x49691a03521fda7691859068a6c4a41eff96430c,25113692,token_transfer,/media/dheeman/Seagate Backup Plus Drive1/EthereumCode_Mushfiq/EthereumScripts/NotUploadable/Ethereum_TT_25112101_25119300/Transaction_TokenTransfer_25113601_25113700/token_transfer_25113692.csv,139,0x5b17167d70f31d01cc9e7e1c3087a7f027d70dfd7529d6e11aee43832b6615b8,0xa0b86991c6218b36c1d19d4a2e9eb0ce3606eb48,15200000
0x9183615a9b41bcbefa881cddb0f6027801c3871a,0x49691a03521fda7691859068a6c4a41eff96430c,25113690,transaction,/media/dheeman/Seagate Backup Plus Drive1/EthereumCode_Mushfiq/EthereumScripts/NotUploadable/Ethereum_TT_25112101_25119300/Transaction_TokenTransfer_25113601_25113700/transaction_25113690.csv,194,0x29915c6ea682e23d84b937da4951fda36072b8be3d9781f2f4395e2b03cb5bd6,,759655277369992
0x8aa81f2217b693c1fcd1a44337e864305d1ea29c,0x93a5fa85128d68c9cd36b2fbb1c5b1ad3e6b8888,25114611,token_transfer,/media/dheeman/Seagate Backup Plus Drive1/EthereumCode_Mushfiq/EthereumScripts/NotUploadable/Ethereum_TT_25112101_25119300/Transaction_TokenTransfer_25114601_25114700/token_transfer_25114611.csv,117,0x9c712381c2ebf3b5791b9681f8d179c4d6487dab3532634b428e1710896d292e,0x33ffc177a7278ff84aab314a036bc7b799b7cc15,15174460
0x0000000000000000000000000000000000000000,0x8aa81f2217b693c1fcd1a44337e864305d1ea29c,25113723,token_transfer,/media/dheeman/Seagate Backup Plus Drive1/EthereumCode_Mushfiq/EthereumScripts/NotUploadable/Ethereum_TT_25112101_25119300/Transaction_TokenTransfer_25113701_25113800/token_transfer_25113723.csv,343,0xb477e085b8bec69ffeddc6f0c41dfddbc141c8d944ef101c8492a9ded078fe60,0x33ffc177a7278ff84aab314a036bc7b799b7cc15,15174460
0xd15fe25ed0dba12fe05e7029c88b10c25e8880e3,0x8aa81f2217b693c1fcd1a44337e864305d1ea29c,25113692,token_transfer,/media/dheeman/Seagate Backup Plus Drive1/EthereumCode_Mushfiq/EthereumScripts/NotUploadable/Ethereum_TT_25112101_25119300/Transaction_TokenTransfer_25113601_25113700/token_transfer_25113692.csv,133,0x5b17167d70f31d01cc9e7e1c3087a7f027d70dfd7529d6e11aee43832b6615b8,0xa0b86991c6218b36c1d19d4a2e9eb0ce3606eb48,15200000
0x980c30b2575e9cef5e8ba4f92a3ec71ad2daccab,0x8aa81f2217b693c1fcd1a44337e864305d1ea29c,25113689,transaction,/media/dheeman/Seagate Backup Plus Drive1/EthereumCode_Mushfiq/EthereumScripts/NotUploadable/Ethereum_TT_25112101_25119300/Transaction_TokenTransfer_25113601_25113700/transaction_25113689.csv,140,0xd6b009a722d31ec6a167fc4897c3716e27d9cf64ecfae017a0a71db2dc4f5b1e,,762012403322370
0x8ed89451d8ba9a90a3911b26d9ed656c184f654b,0x93a5fa85128d68c9cd36b2fbb1c5b1ad3e6b8888,25114611,token_transfer,/media/dheeman/Seagate Backup Plus Drive1/EthereumCode_Mushfiq/EthereumScripts/NotUploadable/Ethereum_TT_25112101_25119300/Transaction_TokenTransfer_25114601_25114700/token_transfer_25114611.csv,118,0x9f1651cfa65350a275c99724ffb3c0869c6bea827bfe5a8b70771d3261feb7b3,0x33ffc177a7278ff84aab314a036bc7b799b7cc15,15174460
0x0000000000000000000000000000000000000000,0x8ed89451d8ba9a90a3911b26d9ed656c184f654b,25113723,token_transfer,/media/dheeman/Seagate Backup Plus Drive1/EthereumCode_Mushfiq/EthereumScripts/NotUploadable/Ethereum_TT_25112101_25119300/Transaction_TokenTransfer_25113701_25113800/token_transfer_25113723.csv,347,0xba4a1e51ebfed4b266b5f7abc64f765d330d58b2500ba624514ef5f71a41c9e0,0x33ffc177a7278ff84aab314a036bc7b799b7cc15,15174460
0xd15fe25ed0dba12fe05e7029c88b10c25e8880e3,0x8ed89451d8ba9a90a3911b26d9ed656c184f654b,25113692,token_transfer,/media/dheeman/Seagate Backup Plus Drive1/EthereumCode_Mushfiq/EthereumScripts/NotUploadable/Ethereum_TT_25112101_25119300/Transaction_TokenTransfer_25113601_25113700/token_transfer_25113692.csv,135,0x5b17167d70f31d01cc9e7e1c3087a7f027d70dfd7529d6e11aee43832b6615b8,0xa0b86991c6218b36c1d19d4a2e9eb0ce3606eb48,15200000
0xbb4b4ac6e84e5731a3f23438c27f7fd7b719188f,0x8ed89451d8ba9a90a3911b26d9ed656c184f654b,25113690,transaction,/media/dheeman/Seagate Backup Plus Drive1/EthereumCode_Mushfiq/EthereumScripts/NotUploadable/Ethereum_TT_25112101_25119300/Transaction_TokenTransfer_25113601_25113700/transaction_25113690.csv,102,0xab16e5f75f93135e735dcace46d3fb4f19fb51d21ff4f8cce5f82079da700a99,,759652894717562
0xc2710717d80e151d84df7a8f72cf5ee4b0a92a1f,0x93a5fa85128d68c9cd36b2fbb1c5b1ad3e6b8888,25114611,token_transfer,/media/dheeman/Seagate Backup Plus Drive1/EthereumCode_Mushfiq/EthereumScripts/NotUploadable/Ethereum_TT_25112101_25119300/Transaction_TokenTransfer_25114601_25114700/token_transfer_25114611.csv,121,0x06b2bc30e2d6781d78c1ec8146a184a800b1c4f09cc56c60f96eebdf33e293da,0x33ffc177a7278ff84aab314a036bc7b799b7cc15,15174460
0x0000000000000000000000000000000000000000,0xc2710717d80e151d84df7a8f72cf5ee4b0a92a1f,25113716,token_transfer,/media/dheeman/Seagate Backup Plus Drive1/EthereumCode_Mushfiq/EthereumScripts/NotUploadable/Ethereum_TT_25112101_25119300/Transaction_TokenTransfer_25113701_25113800/token_transfer_25113716.csv,302,0xc3d5eda5c42fc398d16386ac9dad2c4793c04a64a8ff216163828cd265b1f3b7,0x33ffc177a7278ff84aab314a036bc7b799b7cc15,15174460
0xd15fe25ed0dba12fe05e7029c88b10c25e8880e3,0xc2710717d80e151d84df7a8f72cf5ee4b0a92a1f,25113692,token_transfer,/media/dheeman/Seagate Backup Plus Drive1/EthereumCode_Mushfiq/EthereumScripts/NotUploadable/Ethereum_TT_25112101_25119300/Transaction_TokenTransfer_25113601_25113700/token_transfer_25113692.csv,140,0x5b17167d70f31d01cc9e7e1c3087a7f027d70dfd7529d6e11aee43832b6615b8,0xa0b86991c6218b36c1d19d4a2e9eb0ce3606eb48,15200000
0x4242da9ed63d73096ba1b84e05aa5d1fd8149493,0xc2710717d80e151d84df7a8f72cf5ee4b0a92a1f,25113690,transaction,/media/dheeman/Seagate Backup Plus Drive1/EthereumCode_Mushfiq/EthereumScripts/NotUploadable/Ethereum_TT_25112101_25119300/Transaction_TokenTransfer_25113601_25113700/transaction_25113690.csv,105,0xbc922ba4acb7c74e624fe14a1b4946b9b08313879941a6112d102a29e017c0d8,,746705853170897
0xc2b5e5ab67de5ff83b446becd9df8221b76e9ca7,0x93a5fa85128d68c9cd36b2fbb1c5b1ad3e6b8888,25114611,token_transfer,/media/dheeman/Seagate Backup Plus Drive1/EthereumCode_Mushfiq/EthereumScripts/NotUploadable/Ethereum_TT_25112101_25119300/Transaction_TokenTransfer_25114601_25114700/token_transfer_25114611.csv,125,0x3117058bc9d79f884b73bef91d3da3db2c49c0cfe9cdc555ea946240b7b5fa38,0x33ffc177a7278ff84aab314a036bc7b799b7cc15,15174460
0x0000000000000000000000000000000000000000,0xc2b5e5ab67de5ff83b446becd9df8221b76e9ca7,25113716,token_transfer,/media/dheeman/Seagate Backup Plus Drive1/EthereumCode_Mushfiq/EthereumScripts/NotUploadable/Ethereum_TT_25112101_25119300/Transaction_TokenTransfer_25113701_25113800/token_transfer_25113716.csv,290,0xe56131a979563680f0b28e4eb5864a4aba0016310402555325df8cb8ffc392d0,0x33ffc177a7278ff84aab314a036bc7b799b7cc15,15174460
0xd15fe25ed0dba12fe05e7029c88b10c25e8880e3,0xc2b5e5ab67de5ff83b446becd9df8221b76e9ca7,25113692,token_transfer,/media/dheeman/Seagate Backup Plus Drive1/EthereumCode_Mushfiq/EthereumScripts/NotUploadable/Ethereum_TT_25112101_25119300/Transaction_TokenTransfer_25113601_25113700/token_transfer_25113692.csv,136,0x5b17167d70f31d01cc9e7e1c3087a7f027d70dfd7529d6e11aee43832b6615b8,0xa0b86991c6218b36c1d19d4a2e9eb0ce3606eb48,15200000
0x055ba0f3f33e1bc383956b8bb05c7a32f40b5a15,0xc2b5e5ab67de5ff83b446becd9df8221b76e9ca7,25113690,transaction,/media/dheeman/Seagate Backup Plus Drive1/EthereumCode_Mushfiq/EthereumScripts/NotUploadable/Ethereum_TT_25112101_25119300/Transaction_TokenTransfer_25113601_25113700/transaction_25113690.csv,103,0xa149151229478fd4bacc0afe0524808419f0f8612c015b005523315b1e2f59f4,,746281656102402
0x06b7f63332835c9632fc95e0ecafd3e064b75d64,0x93a5fa85128d68c9cd36b2fbb1c5b1ad3e6b8888,25114611,token_transfer,/media/dheeman/Seagate Backup Plus Drive1/EthereumCode_Mushfiq/EthereumScripts/NotUploadable/Ethereum_TT_25112101_25119300/Transaction_TokenTransfer_25114601_25114700/token_transfer_25114611.csv,126,0x665596935cc2cafabb77e92a54b5c1ef0cb35d9a9d5842a205e81675575fda95,0x33ffc177a7278ff84aab314a036bc7b799b7cc15,15174460
0x0000000000000000000000000000000000000000,0x06b7f63332835c9632fc95e0ecafd3e064b75d64,25113716,token_transfer,/media/dheeman/Seagate Backup Plus Drive1/EthereumCode_Mushfiq/EthereumScripts/NotUploadable/Ethereum_TT_25112101_25119300/Transaction_TokenTransfer_25113701_25113800/token_transfer_25113716.csv,378,0x32e379727e8ad42007ae7aef3f82715ececfb649c6b24dfae504d58fa59011cf,0x33ffc177a7278ff84aab314a036bc7b799b7cc15,15174460
0xd15fe25ed0dba12fe05e7029c88b10c25e8880e3,0x06b7f63332835c9632fc95e0ecafd3e064b75d64,25113692,token_transfer,/media/dheeman/Seagate Backup Plus Drive1/EthereumCode_Mushfiq/EthereumScripts/NotUploadable/Ethereum_TT_25112101_25119300/Transaction_TokenTransfer_25113601_25113700/token_transfer_25113692.csv,134,0x5b17167d70f31d01cc9e7e1c3087a7f027d70dfd7529d6e11aee43832b6615b8,0xa0b86991c6218b36c1d19d4a2e9eb0ce3606eb48,15200000
0x6331df6755f9835302b4b36b48dae9e82004cbf5,0x06b7f63332835c9632fc95e0ecafd3e064b75d64,25113689,transaction,/media/dheeman/Seagate Backup Plus Drive1/EthereumCode_Mushfiq/EthereumScripts/NotUploadable/Ethereum_TT_25112101_25119300/Transaction_TokenTransfer_25113601_25113700/transaction_25113689.csv,156,0x432bcd9cd33fabf88ab2e9f6fa06717fa322b295e601902710028778abbae117,,746705451185776
0xc0dc71bdb49bb5c03ee11290990a709722771e62,0x93a5fa85128d68c9cd36b2fbb1c5b1ad3e6b8888,25114611,token_transfer,/media/dheeman/Seagate Backup Plus Drive1/EthereumCode_Mushfiq/EthereumScripts/NotUploadable/Ethereum_TT_25112101_25119300/Transaction_TokenTransfer_25114601_25114700/token_transfer_25114611.csv,127,0x3c8821d2d109700eccbebedd8b4ad2e540e292e10a72f1d3f9f9f5cce899b152,0x33ffc177a7278ff84aab314a036bc7b799b7cc15,15174460
0x0000000000000000000000000000000000000000,0xc0dc71bdb49bb5c03ee11290990a709722771e62,25113716,token_transfer,/media/dheeman/Seagate Backup Plus Drive1/EthereumCode_Mushfiq/EthereumScripts/NotUploadable/Ethereum_TT_25112101_25119300/Transaction_TokenTransfer_25113701_25113800/token_transfer_25113716.csv,282,0xf869bd9fa409778d6cd525dfda798331ec2799b02df72896330a8d7aa03eb885,0x33ffc177a7278ff84aab314a036bc7b799b7cc15,15174460
0xd15fe25ed0dba12fe05e7029c88b10c25e8880e3,0xc0dc71bdb49bb5c03ee11290990a709722771e62,25113692,token_transfer,/media/dheeman/Seagate Backup Plus Drive1/EthereumCode_Mushfiq/EthereumScripts/NotUploadable/Ethereum_TT_25112101_25119300/Transaction_TokenTransfer_25113601_25113700/token_transfer_25113692.csv,138,0x5b17167d70f31d01cc9e7e1c3087a7f027d70dfd7529d6e11aee43832b6615b8,0xa0b86991c6218b36c1d19d4a2e9eb0ce3606eb48,15200000
0xfee53db5f7f8dc721ae0efac1ca76c3a44d37535,0xc0dc71bdb49bb5c03ee11290990a709722771e62,25113690,transaction,/media/dheeman/Seagate Backup Plus Drive1/EthereumCode_Mushfiq/EthereumScripts/NotUploadable/Ethereum_TT_25112101_25119300/Transaction_TokenTransfer_25113601_25113700/transaction_25113690.csv,104,0x1d4efabb6d1232be383ef3529d044e6876395f7292428b416e4c9617fc810f05,,746702765270276
0x74b0fd8d2118d7a6ffe81ca44056a166283bdcc4,0x93a5fa85128d68c9cd36b2fbb1c5b1ad3e6b8888,25114611,token_transfer,/media/dheeman/Seagate Backup Plus Drive1/EthereumCode_Mushfiq/EthereumScripts/NotUploadable/Ethereum_TT_25112101_25119300/Transaction_TokenTransfer_25114601_25114700/token_transfer_25114611.csv,133,0x507836dcd22640d504684d256c10dbb1ce3b92cbe7f0b26fc8c4b28b88921038,0x33ffc177a7278ff84aab314a036bc7b799b7cc15,15174460
0x0000000000000000000000000000000000000000,0x74b0fd8d2118d7a6ffe81ca44056a166283bdcc4,25113723,token_transfer,/media/dheeman/Seagate Backup Plus Drive1/EthereumCode_Mushfiq/EthereumScripts/NotUploadable/Ethereum_TT_25112101_25119300/Transaction_TokenTransfer_25113701_25113800/token_transfer_25113723.csv,299,0x09b1e895c5ef523597c925eb30b73b367f12aab53be3ce68937a14895e3852b9,0x33ffc177a7278ff84aab314a036bc7b799b7cc15,15174460
0xd15fe25ed0dba12fe05e7029c88b10c25e8880e3,0x74b0fd8d2118d7a6ffe81ca44056a166283bdcc4,25113692,token_transfer,/media/dheeman/Seagate Backup Plus Drive1/EthereumCode_Mushfiq/EthereumScripts/NotUploadable/Ethereum_TT_25112101_25119300/Transaction_TokenTransfer_25113601_25113700/token_transfer_25113692.csv,137,0x5b17167d70f31d01cc9e7e1c3087a7f027d70dfd7529d6e11aee43832b6615b8,0xa0b86991c6218b36c1d19d4a2e9eb0ce3606eb48,15200000
0x93ecadcb319764b595ae13e60d15707140603aae,0x74b0fd8d2118d7a6ffe81ca44056a166283bdcc4,25113690,transaction,/media/dheeman/Seagate Backup Plus Drive1/EthereumCode_Mushfiq/EthereumScripts/NotUploadable/Ethereum_TT_25112101_25119300/Transaction_TokenTransfer_25113601_25113700/transaction_25113690.csv,193,0x42848c7a0cd0bcd0c74b8f405096460708024f3c957425058989a6e8e0b4f9ba,,759652894717562
0xc9885089114ba707908f095df0b12a1be922ae2e,0x93a5fa85128d68c9cd36b2fbb1c5b1ad3e6b8888,25114611,token_transfer,/media/dheeman/Seagate Backup Plus Drive1/EthereumCode_Mushfiq/EthereumScripts/NotUploadable/Ethereum_TT_25112101_25119300/Transaction_TokenTransfer_25114601_25114700/token_transfer_25114611.csv,151,0x0de8ba5ed03df61681ff60d6040a64a56536c41ecef1db4eecf8592b45cb7d47,0x33ffc177a7278ff84aab314a036bc7b799b7cc15,15174460
0x0000000000000000000000000000000000000000,0xc9885089114ba707908f095df0b12a1be922ae2e,25113716,token_transfer,/media/dheeman/Seagate Backup Plus Drive1/EthereumCode_Mushfiq/EthereumScripts/NotUploadable/Ethereum_TT_25112101_25119300/Transaction_TokenTransfer_25113701_25113800/token_transfer_25113716.csv,314,0xaaed196d746b285698edfa710a8a4a730c7a9ddd26eae4cea60e379c5e5ec1ef,0x33ffc177a7278ff84aab314a036bc7b799b7cc15,15174460
0xd15fe25ed0dba12fe05e7029c88b10c25e8880e3,0xc9885089114ba707908f095df0b12a1be922ae2e,25113692,token_transfer,/media/dheeman/Seagate Backup Plus Drive1/EthereumCode_Mushfiq/EthereumScripts/NotUploadable/Ethereum_TT_25112101_25119300/Transaction_TokenTransfer_25113601_25113700/token_transfer_25113692.csv,132,0x5b17167d70f31d01cc9e7e1c3087a7f027d70dfd7529d6e11aee43832b6615b8,0xa0b86991c6218b36c1d19d4a2e9eb0ce3606eb48,15200000
0xa09c7b828b9601127b5cc9e9929e3e672ab1e93b,0xc9885089114ba707908f095df0b12a1be922ae2e,25113689,transaction,/media/dheeman/Seagate Backup Plus Drive1/EthereumCode_Mushfiq/EthereumScripts/NotUploadable/Ethereum_TT_25112101_25119300/Transaction_TokenTransfer_25113601_25113700/transaction_25113689.csv,171,0xcc0ee855bbd24b424e6d7fc532af9eecd27cc3b42662dcc305d752c5f613842d,,746704082374026
0x93a5fa85128d68c9cd36b2fbb1c5b1ad3e6b8888,0xd15fe25ed0dba12fe05e7029c88b10c25e8880e3,25114622,token_transfer,/media/dheeman/Seagate Backup Plus Drive1/EthereumCode_Mushfiq/EthereumScripts/NotUploadable/Ethereum_TT_25112101_25119300/Transaction_TokenTransfer_25114601_25114700/token_transfer_25114622.csv,486,0x45548b9cda5b0f5de1b49e3befe0937cff047f0f3bd0fd32065ff743ab83a5a3,0xa0b86991c6218b36c1d19d4a2e9eb0ce3606eb48,972800000
0xb069939daf374b7f9ec0db2a70264c13077d2e35,0xd15fe25ed0dba12fe05e7029c88b10c25e8880e3,25114435,transaction,/media/dheeman/Seagate Backup Plus Drive1/EthereumCode_Mushfiq/EthereumScripts/NotUploadable/Ethereum_TT_25112101_25119300/Transaction_TokenTransfer_25114401_25114500/transaction_25114435.csv,244,0x9e33a60d249e100e15416f89597b69fe97a11eb008182e6f91c6e6e239ab75cc,,32200000000000000
0x0b591fd99bed03d013f446d00a89f4a0ba807a8c,0xd15fe25ed0dba12fe05e7029c88b10c25e8880e3,25114417,transaction,/media/dheeman/Seagate Backup Plus Drive1/EthereumCode_Mushfiq/EthereumScripts/NotUploadable/Ethereum_TT_25112101_25119300/Transaction_TokenTransfer_25114401_25114500/transaction_25114417.csv,86,0xd30c0c7ba593d5bb25a2a21f67d3bffbbc914d279514b2acfe18cd6ada1dbb86,,3000000000000000
0x4d78bad9182ea15bc09a25f03e9ffed977926dea,0x0b591fd99bed03d013f446d00a89f4a0ba807a8c,25113810,token_transfer,/media/dheeman/Seagate Backup Plus Drive1/EthereumCode_Mushfiq/EthereumScripts/NotUploadable/Ethereum_TT_25112101_25119300/Transaction_TokenTransfer_25113801_25113900/token_transfer_25113810.csv,102,0x0666f3eecfbd052f0afb3b40eb7015aa7bf19736f8e6c5f357d5dfbed9bde528,0x894e3f1ca45f9404a8563b09aec7f24fe24c9461,2275
0x0000000000000000000000000000000000000000,0x4d78bad9182ea15bc09a25f03e9ffed977926dea,25113749,token_transfer,/media/dheeman/Seagate Backup Plus Drive1/EthereumCode_Mushfiq/EthereumScripts/NotUploadable/Ethereum_TT_25112101_25119300/Transaction_TokenTransfer_25113701_25113800/token_transfer_25113749.csv,112,0x33faf4dfe2f1fa7c6ee27ce0c992652b70bc800bb109f57b2847548b50c09b1a,0x894e3f1ca45f9404a8563b09aec7f24fe24c9461,2271
0x0000000000000000000000000000000000000000,0x4d78bad9182ea15bc09a25f03e9ffed977926dea,25113749,token_transfer,/media/dheeman/Seagate Backup Plus Drive1/EthereumCode_Mushfiq/EthereumScripts/NotUploadable/Ethereum_TT_25112101_25119300/Transaction_TokenTransfer_25113701_25113800/token_transfer_25113749.csv,113,0x33faf4dfe2f1fa7c6ee27ce0c992652b70bc800bb109f57b2847548b50c09b1a,0x894e3f1ca45f9404a8563b09aec7f24fe24c9461,2272
0x0000000000000000000000000000000000000000,0x4d78bad9182ea15bc09a25f03e9ffed977926dea,25113749,token_transfer,/media/dheeman/Seagate Backup Plus Drive1/EthereumCode_Mushfiq/EthereumScripts/NotUploadable/Ethereum_TT_25112101_25119300/Transaction_TokenTransfer_25113701_25113800/token_transfer_25113749.csv,114,0x33faf4dfe2f1fa7c6ee27ce0c992652b70bc800bb109f57b2847548b50c09b1a,0x894e3f1ca45f9404a8563b09aec7f24fe24c9461,2273
0x0000000000000000000000000000000000000000,0x4d78bad9182ea15bc09a25f03e9ffed977926dea,25113749,token_transfer,/media/dheeman/Seagate Backup Plus Drive1/EthereumCode_Mushfiq/EthereumScripts/NotUploadable/Ethereum_TT_25112101_25119300/Transaction_TokenTransfer_25113701_25113800/token_transfer_25113749.csv,115,0x33faf4dfe2f1fa7c6ee27ce0c992652b70bc800bb109f57b2847548b50c09b1a,0x894e3f1ca45f9404a8563b09aec7f24fe24c9461,2274
0x0000000000000000000000000000000000000000,0x4d78bad9182ea15bc09a25f03e9ffed977926dea,25113749,token_transfer,/media/dheeman/Seagate Backup Plus Drive1/EthereumCode_Mushfiq/EthereumScripts/NotUploadable/Ethereum_TT_25112101_25119300/Transaction_TokenTransfer_25113701_25113800/token_transfer_25113749.csv,116,0x33faf4dfe2f1fa7c6ee27ce0c992652b70bc800bb109f57b2847548b50c09b1a,0x894e3f1ca45f9404a8563b09aec7f24fe24c9461,2275
0x0000000000000000000000000000000000000000,0x4d78bad9182ea15bc09a25f03e9ffed977926dea,25113741,token_transfer,/media/dheeman/Seagate Backup Plus Drive1/EthereumCode_Mushfiq/EthereumScripts/NotUploadable/Ethereum_TT_25112101_25119300/Transaction_TokenTransfer_25113701_25113800/token_transfer_25113741.csv,194,0x9fc7af5918844e9bbbcbe5cea6023b24350e93d4e991368df4d05f485f8af108,0x894e3f1ca45f9404a8563b09aec7f24fe24c9461,2123
0x0b591fd99bed03d013f446d00a89f4a0ba807a8c,0x4d78bad9182ea15bc09a25f03e9ffed977926dea,25113731,transaction,/media/dheeman/Seagate Backup Plus Drive1/EthereumCode_Mushfiq/EthereumScripts/NotUploadable/Ethereum_TT_25112101_25119300/Transaction_TokenTransfer_25113701_25113800/transaction_25113731.csv,96,0x02b92c5a180381b0627d38ce14f4ef21af1f482265f72068018dd75b18abca2e,,500000000000000
0x4d78bad9182ea15bc09a25f03e9ffed977926dea,0x0b591fd99bed03d013f446d00a89f4a0ba807a8c,25113809,token_transfer,/media/dheeman/Seagate Backup Plus Drive1/EthereumCode_Mushfiq/EthereumScripts/NotUploadable/Ethereum_TT_25112101_25119300/Transaction_TokenTransfer_25113801_25113900/token_transfer_25113809.csv,617,0xb625d247e6b56e7d16379350cdd4251fc30c31ed999e5b3ba4d2cc2e3cacef85,0x894e3f1ca45f9404a8563b09aec7f24fe24c9461,2274
0xd0e060d743fc561481208cc41bd85a158adf1a8b,0x0b591fd99bed03d013f446d00a89f4a0ba807a8c,25113808,transaction,/media/dheeman/Seagate Backup Plus Drive1/EthereumCode_Mushfiq/EthereumScripts/NotUploadable/Ethereum_TT_25112101_25119300/Transaction_TokenTransfer_25113801_25113900/transaction_25113808.csv,146,0x366528477462eab4f54ee32b9b51d6968e1b7ad5fc2b6589d20fee843bff5523,,933997130090823
0x0000000000000000000000000000000000000000,0xd0e060d743fc561481208cc41bd85a158adf1a8b,25113706,token_transfer,/media/dheeman/Seagate Backup Plus Drive1/EthereumCode_Mushfiq/EthereumScripts/NotUploadable/Ethereum_TT_25112101_25119300/Transaction_TokenTransfer_25113701_25113800/token_transfer_25113706.csv,400,0xb8c7d4cdff54ba3f80dbcae3a4d0c4d9d3b89fa8b0c1d107ddc0b90a072d01da,0x894e3f1ca45f9404a8563b09aec7f24fe24c9461,1652
0x0b591fd99bed03d013f446d00a89f4a0ba807a8c,0xd0e060d743fc561481208cc41bd85a158adf1a8b,25113704,transaction,/media/dheeman/Seagate Backup Plus Drive1/EthereumCode_Mushfiq/EthereumScripts/NotUploadable/Ethereum_TT_25112101_25119300/Transaction_TokenTransfer_25113701_25113800/transaction_25113704.csv,131,0x9beed8e5ba7aa05cea7bd34c3523f4092e3feda29c51e66448c5ba398d45d3b3,,1000000000000000
0x4d78bad9182ea15bc09a25f03e9ffed977926dea,0x0b591fd99bed03d013f446d00a89f4a0ba807a8c,25113808,token_transfer,/media/dheeman/Seagate Backup Plus Drive1/EthereumCode_Mushfiq/EthereumScripts/NotUploadable/Ethereum_TT_25112101_25119300/Transaction_TokenTransfer_25113801_25113900/token_transfer_25113808.csv,332,0xb67d2ad566224bbe472d2681e5996485055e347ef1044f61ce691a94172b229e,0x894e3f1ca45f9404a8563b09aec7f24fe24c9461,2273
0x4d78bad9182ea15bc09a25f03e9ffed977926dea,0x0b591fd99bed03d013f446d00a89f4a0ba807a8c,25113807,token_transfer,/media/dheeman/Seagate Backup Plus Drive1/EthereumCode_Mushfiq/EthereumScripts/NotUploadable/Ethereum_TT_25112101_25119300/Transaction_TokenTransfer_25113801_25113900/token_transfer_25113807.csv,122,0xbf5bfad01312df128b3858864b63c3bcf0dd02fdee2406b24866b7d10d9656d8,0x894e3f1ca45f9404a8563b09aec7f24fe24c9461,2272
0x4d78bad9182ea15bc09a25f03e9ffed977926dea,0x0b591fd99bed03d013f446d00a89f4a0ba807a8c,25113806,token_transfer,/media/dheeman/Seagate Backup Plus Drive1/EthereumCode_Mushfiq/EthereumScripts/NotUploadable/Ethereum_TT_25112101_25119300/Transaction_TokenTransfer_25113801_25113900/token_transfer_25113806.csv,541,0x4862226e2b2220abccfba8c6816dbddb7bcd84887451f2b15f9135d1b3efc3f5,0x894e3f1ca45f9404a8563b09aec7f24fe24c9461,2271
0x4d78bad9182ea15bc09a25f03e9ffed977926dea,0x0b591fd99bed03d013f446d00a89f4a0ba807a8c,25113769,token_transfer,/media/dheeman/Seagate Backup Plus Drive1/EthereumCode_Mushfiq/EthereumScripts/NotUploadable/Ethereum_TT_25112101_25119300/Transaction_TokenTransfer_25113701_25113800/token_transfer_25113769.csv,406,0xff3dbaa802d149ed4a638867ef063114f897793c6b6267fee1bb9efd47934c3f,0x894e3f1ca45f9404a8563b09aec7f24fe24c9461,2123
0xd0e060d743fc561481208cc41bd85a158adf1a8b,0x0b591fd99bed03d013f446d00a89f4a0ba807a8c,25113756,token_transfer,/media/dheeman/Seagate Backup Plus Drive1/EthereumCode_Mushfiq/EthereumScripts/NotUploadable/Ethereum_TT_25112101_25119300/Transaction_TokenTransfer_25113701_25113800/token_transfer_25113756.csv,169,0xe803ed0592bf08f70be8dfbf521d3db030d74d1ab342f1b9b18558f9f76f7613,0x894e3f1ca45f9404a8563b09aec7f24fe24c9461,1652
0x233b04e2b8c6611a930f8974eb67057f9f2062ee,0xd15fe25ed0dba12fe05e7029c88b10c25e8880e3,25114392,transaction,/media/dheeman/Seagate Backup Plus Drive1/EthereumCode_Mushfiq/EthereumScripts/NotUploadable/Ethereum_TT_25112101_25119300/Transaction_TokenTransfer_25114301_25114400/transaction_25114392.csv,185,0x6166c61acf76daa45456c4405d6ddcc0d58060586780fe75abbc221fe83e27e6,,0
0x233b04e2b8c6611a930f8974eb67057f9f2062ee,0xd15fe25ed0dba12fe05e7029c88b10c25e8880e3,25114392,token_transfer,/media/dheeman/Seagate Backup Plus Drive1/EthereumCode_Mushfiq/EthereumScripts/NotUploadable/Ethereum_TT_25112101_25119300/Transaction_TokenTransfer_25114301_25114400/token_transfer_25114392.csv,436,0x6166c61acf76daa45456c4405d6ddcc0d58060586780fe75abbc221fe83e27e6,0xd4419c2d3daa986dc30444fa333a846be44fd1eb,10173000000000000000000
