block_number,from_address,to_address,transaction_id,exchange_rate
24957502,0x88e6a0c2ddd26feeb64f039a2c41296fcb3f5640,0x4313c378cc91ea583c91387b9216e2c03096b27f,0x9e6dc85722b35b3ec1b469733271b0c5137f5a539c210e6021b4d228c2c4ee51,2316.0403030303030303030303030303030303030303030303
24957502,0x88e6a0c2ddd26feeb64f039a2c41296fcb3f5640,0x4313c378cc91ea583c91387b9216e2c03096b27f,0x28a517194b15ee3288e72aca8029bdeb8f64f7304e6ef927802d4a7b499b58ea,2316.0392929292929292929292929292929292929292929293
24957503,0xba4c928807450c57e4f5aa18cd507987840847bf,0x1445f32d1a74872ba41f3d8cf4022e9996120b31,0xfa22c3c0c3a0bd5cb820680a223e3b495f0bfc39a0c7150d2305266b57316d2d,2316.7014725834299644476617858440953947125979856962
24957503,0x7f54f05635d15cde17a49502fedb9d1803a3be8a,0xe0523b85fad2015c0b6ae78e8c71ece5edbe5a67,0x6fdfa94a85aea1284168e0a80807e3c96dc7e2436f27f70130c3b9c79cc97a16,2317.8328203776654438744912632582024941069734148882
24957504,0xe0554a476a092703abdb3ef35c80e0d76d32939f,0x4c82d1fbfe28c977cbb58d8c7ff8fcf9f70a2cca,0xfc07cb933994ff88208d06df889d702b7849e0fcb63b64f1bb330b171660ff19,2316.44731
24957505,0xe2cd94c812aed174b2e09750ff146f45d845d668,0x3611b82c7b13e72b26eb0e9be0613bee7a45ac7c,0xe25c23dcef482149122e1980bf79718793e32355c34c9f5c8656052de93d5dab,2316.7471179426544487141590304463493940289683712681
24957505,0xe0554a476a092703abdb3ef35c80e0d76d32939f,0x4c82d1fbfe28c977cbb58d8c7ff8fcf9f70a2cca,0x269a87d1b62673d48845ab4751a4d8ad3c8ad14715a9b773fe2918d9e349aae3,2316.4151756443416755571707348595684968665821997958
24957505,0x4c82d1fbfe28c977cbb58d8c7ff8fcf9f70a2cca,0xe0554a476a092703abdb3ef35c80e0d76d32939f,0xb3d6c500f4b5a38743010e66c8c54371de15153ed0e262d8ee1ab0728786572d,2316.8901768541150882347762188974943552188033168323
24957506,0xe0554a476a092703abdb3ef35c80e0d76d32939f,0x03588d14a7aff8a566afd539a4b44cdecca00fdb,0x505251be714a60237c5d5a95f7590e1cc194f23d94be438d4e4feff41cbaa426,2316.4530196622876265908251277929337713427668017842
24957506,0x03588d14a7aff8a566afd539a4b44cdecca00fdb,0xe0554a476a092703abdb3ef35c80e0d76d32939f,0x4d6347990b0ffda3475cc1d0f99e71fcb7e52d3f0dee23a1bf863636b38e22b0,2316.8618075836879511685545501227677688045817456794
24957506,0x06cff7088619c7178f5e14f0b119458d08d2f5ef,0xe2cd94c812aed174b2e09750ff146f45d845d668,0x138499cb87fd155832aea220ab44bf27cbe5a29f3477b6951d7baef8c97548f0,2318.6805630065687880794034718283962723571345517955
24957506,0x4313c378cc91ea583c91387b9216e2c03096b27f,0x88e6a0c2ddd26feeb64f039a2c41296fcb3f5640,0x31e91961c57cfb3ea8bbe60555f09d3223ec2fafc1298e6a773bc62a5adc8d57,2318.3606965510936160250804973133790576230901840866
24957506,0x4c82d1fbfe28c977cbb58d8c7ff8fcf9f70a2cca,0xe0554a476a092703abdb3ef35c80e0d76d32939f,0x050c0caa532690262ed4762b33b055fb510d3fa279781d6ad096cfd61570af07,2316.8705422087646712274982259509400021295355708814
24957506,0xe9b6ee1c3e0d4f28d69d964fee2c454eddf9de17,0x88e6a0c2ddd26feeb64f039a2c41296fcb3f5640,0x4fc2384481356666590c0b48cdde6532d0e1a9fb7f75b3690f4e8cd52d7eaa04,2318.3518399058266300095753199086836922099573736067
24957507,0x7f54f05635d15cde17a49502fedb9d1803a3be8a,0xe0554a476a092703abdb3ef35c80e0d76d32939f,0x3a7494dc401a136656d3c85db0bd03925b72e857f8ff0a12b7f7ae06d22f4de2,2316.9575684154919246139119610808464980462014023506
24957507,0x92eae2d4f34f17eb32bf390af5019a37d375418e,0xe0554a476a092703abdb3ef35c80e0d76d32939f,0x312eb67398695363bd1f47c3998e2cf8afca54cc2458103223ba07a2f094f6c3,2317.0296619421619117665160740249792283464952858115
24957508,0x7f86bf177dd4f3494b841a37e810a34dd56c829b,0xfc9642049d1151868e45946330215e3df3ae69c2,0x295a1f7291febb57ce981123fa08e1fee17d2890c2914749188c8ac512e45062,2316.1667189365343247580845824996350931248646854314
24957510,0x0000000aa232009084bd71a5797d089aa4edfad4,0x000000000004444c5dc75cb358380d2e3de08a90,0xc41078ea71e76d8bdfe7c6c2fbd277e9aeac573661cb91d88b9d0e7a8f7e43de,2316.6821955243081133772903541026709916010483373427
24957510,0x8ad599c3a0ff1de082011efddc58f1908eb6e6d8,0x5ce741a6e8307c8b11f2d27a75df0844f06bfef1,0xb5f59a823ec3f1c7be35e366052bf9564896d9f2a8ec0b276b3c227f11548c4f,2309.9425941996070430320080751459505577510664660135
24957510,0x88e6a0c2ddd26feeb64f039a2c41296fcb3f5640,0x4313c378cc91ea583c91387b9216e2c03096b27f,0xe123ecbf4e13c2fa917fe77ce0ba30f2fcdf7a3a70da2cf340b06fa0abf8dcba,2316.0176626262626262626262626262626262626262626263
24957511,0x000000000004444c5dc75cb358380d2e3de08a90,0xc10ee9031f2a0b84766a86b55a8d90f357910fb4,0xd9ce23511c5e2ff78416a362b2d230161f8ebd560de3948de53b4f1e10237b58,2314.0479597989949748743718592964824120603015075377
24957511,0xe8736af1926e9d8f5a6602fbbb0893b26436d710,0x7f54f05635d15cde17a49502fedb9d1803a3be8a,0xa1fd7c4b0acc5e69eb4c781752adcc04169cbc99fcd26eacdb4592aacd757afb,2314.7649296042438019626227059315303004061594200448
24957511,0x28b1dc1a5e3699a428bc51d234dfab7c9cb2a183,0xe0554a476a092703abdb3ef35c80e0d76d32939f,0x053d1ecb60d28e5f5e719591053ace987f4702f203448553593bc1134fc0b45c,2317.3976285777545000128246160997978063736926383475
24957511,0x66a9893cc07d91d95644aedd05d03f95e1dba8af,0x000000000004444c5dc75cb358380d2e3de08a90,0x0e7ce19f7878e61e7434ec20a93140c04e7967e70b71cd579ca16c068b74d343,2317.3444512547720991685236026751326921599357476044
24957512,0xe0554a476a092703abdb3ef35c80e0d76d32939f,0x28b1dc1a5e3699a428bc51d234dfab7c9cb2a183,0x689abe2593902e80deaffc17e330e080258fa3bd2c22751ff467065672a47e8b,2317.1760153728822975297427406146204317402524372173
24957513,0x8f10b468b06c6fd214b65f87778827f7d113f996,0xe0554a476a092703abdb3ef35c80e0d76d32939f,0x8214d7660f0f4b872609b4bd3716a6d482363a8b56d46df4c3f96ce051e418eb,2317.6676906469895105827193428928139614233551840451
24957513,0xe0554a476a092703abdb3ef35c80e0d76d32939f,0x80a64c6d7f12c47b7c66c5b4e20e72bc1fcd5d9e,0xada2e6f61f4358f3d44723631939d10932ed374771b36f3b4bf397022d251a75,2317.2273
24957513,0x88e6a0c2ddd26feeb64f039a2c41296fcb3f5640,0x4c82d1fbfe28c977cbb58d8c7ff8fcf9f70a2cca,0x2da6a89b06041943e35d3004c77280c612527674dca22287c1b6ccff6a61386a,2315.9953333333333333333333333333333333333333333333
24957513,0xe0554a476a092703abdb3ef35c80e0d76d32939f,0x4c82d1fbfe28c977cbb58d8c7ff8fcf9f70a2cca,0x2da6a89b06041943e35d3004c77280c612527674dca22287c1b6ccff6a61386a,2317.21212
24957513,0x88e6a0c2ddd26feeb64f039a2c41296fcb3f5640,0x66a9893cc07d91d95644aedd05d03f95e1dba8af,0x04ddd2d2563444a55447469fcf0b6a643d92b7ffc2cf6ac97b159b42aef21807,2315.9860905856430017934771428097448131950676751671
24957513,0xe0554a476a092703abdb3ef35c80e0d76d32939f,0x66a9893cc07d91d95644aedd05d03f95e1dba8af,0x04ddd2d2563444a55447469fcf0b6a643d92b7ffc2cf6ac97b159b42aef21807,2317.0946932987064074555580792749419427023651899833
24957513,0x63242a4ea82847b20e506b63b0e2e2eff0cc6cb0,0xe0554a476a092703abdb3ef35c80e0d76d32939f,0xb86a5be3ddd10ce066650cddf7017cf438f8cbdf9a36c0040e1571cec6c37ab4,2317.6518882646537105654507911902043357453327758352
24957513,0xe0554a476a092703abdb3ef35c80e0d76d32939f,0x4c82d1fbfe28c977cbb58d8c7ff8fcf9f70a2cca,0xa4dec08efdcf1684baeae20b6b55637c0d9da1ef22e671c6ea52efe54bc76594,2317.35
24957513,0x000000000004444c5dc75cb358380d2e3de08a90,0x4c82d1fbfe28c977cbb58d8c7ff8fcf9f70a2cca,0xa4dec08efdcf1684baeae20b6b55637c0d9da1ef22e671c6ea52efe54bc76594,2311.55
24957514,0x0a8accba63f42e743a31f33c44b87be0c83fe230,0xe0554a476a092703abdb3ef35c80e0d76d32939f,0xcb8627802409704ad59dba50a615cc91ec734fb6fcda095e64ba3ade79b3e2d8,2317.8424642796499601255341887211662020105034809318
24957514,0x0a8accba63f42e743a31f33c44b87be0c83fe230,0x88e6a0c2ddd26feeb64f039a2c41296fcb3f5640,0xcb8627802409704ad59dba50a615cc91ec734fb6fcda095e64ba3ade79b3e2d8,2318.3026839090990605267268875720563368463851854557
24957514,0xe0554a476a092703abdb3ef35c80e0d76d32939f,0x7f54f05635d15cde17a49502fedb9d1803a3be8a,0x8d53a487d1920c0c4590fe2b07b42d108ac85598659d7ab9e0220f51f2621ea1,2317.2269008333333333333333333333333333333333333333
24957514,0x7f54f05635d15cde17a49502fedb9d1803a3be8a,0xe0554a476a092703abdb3ef35c80e0d76d32939f,0x9d7d464ae2de8bd4c81338d54d64d37cb93f6f3e2ca214f1277b98f291377365,2317.5180310055475875284258787988132385631546037868
24957514,0xe0554a476a092703abdb3ef35c80e0d76d32939f,0x7f54f05635d15cde17a49502fedb9d1803a3be8a,0x0faeb6f72de7d9041b88313922fcca09a11ee2b9314ff010517eca7fd9699cc1,2317.0434608627079440554740835478683077529248548621
24957515,0xe0554a476a092703abdb3ef35c80e0d76d32939f,0x7f54f05635d15cde17a49502fedb9d1803a3be8a,0x945b2db2b2005caba86befed8e206e52acec35679aa5a9949d52f71be5be16f6,2316.4634690486897913900871931600044271085523640948
24957515,0x9ba0cf1588e1dfa905ec948f7fe5104dd40eda31,0x7f54f05635d15cde17a49502fedb9d1803a3be8a,0x945b2db2b2005caba86befed8e206e52acec35679aa5a9949d52f71be5be16f6,1158.1086995179929556491661706058872841882914970212
24957515,0x51c72848c68a965f66fa7a88855f9f7784502a7f,0xe0554a476a092703abdb3ef35c80e0d76d32939f,0x66391b202ca0a257f583c35130b052179f3de920a88e2e099c447bfd096d4c08,2317.0598128824582728970442540718374882864728010015
24957515,0xe0554a476a092703abdb3ef35c80e0d76d32939f,0x06cff7088619c7178f5e14f0b119458d08d2f5ef,0x5b74adec8dee0c952ab20a5289dfcd97da477fca4e8f3158c550db35a02ddd6a,2317.2897046526234155231189515598977377601050568363
24957515,0xd315a9c38ec871068fec378e4ce78af528c76293,0x0090ac276c0a7e0a17770729e450a2a9753f2d04,0x430b90c17078a1492af642ebfc2011d185d3e1bba0ef1d03551099e141cd71ab,2314.9368296092782125665460983242860857503427108754
24957516,0xe0554a476a092703abdb3ef35c80e0d76d32939f,0xd06c50cde7279a98ef970fbdba73e84930ad8468,0xa6c8a269882a8608832ebc3e1ab4661ad6ea44b0fb26ba5fb34e5a7ce3ba1f1a,2317.2085909039495726262048623111902144160007557873
24957516,0x28b1dc1a5e3699a428bc51d234dfab7c9cb2a183,0x163f3103de041d25464e2c8a4f8f3187ec1856e0,0xc24178d9953415e6a96341f157c9b480cba359753b7f80dc53521ba7329581ce,1709.3263859340216963219667990215378430739887370635
24957516,0x1d27ad3613e84e201bc87929590f95e75454cdc0,0x28b1dc1a5e3699a428bc51d234dfab7c9cb2a183,0x6dca585868c9f2c34e15b6ec3071fb68e136f82896ede6adb891babb9a86dd67,2317.4414811322457824362793247737598888114433444376
24957516,0xe3d41d19564922c9952f692c5dd0563030f5f2ef,0x1d27ad3613e84e201bc87929590f95e75454cdc0,0x6dca585868c9f2c34e15b6ec3071fb68e136f82896ede6adb891babb9a86dd67,2317.4414811322457824362793247737598888114433444376
24957516,0x7f54f05635d15cde17a49502fedb9d1803a3be8a,0xe0554a476a092703abdb3ef35c80e0d76d32939f,0xdcea6695fb30d21fd835c3b73b6794b38f97214a9b3af29d33ca3ee636f33760,2317.5913047098037952466732416177077349348543145408
24957517,0xe0554a476a092703abdb3ef35c80e0d76d32939f,0x07dc98f9714dc3bcb21dd1ee377253ddcdd10854,0xf0dce33b04f990a559fd7feef3271bf65a84930cfacfea6c1b8a32365ee7553e,2317.0949080985559059069883035391680842117707973887
24957517,0x07dc98f9714dc3bcb21dd1ee377253ddcdd10854,0xb4e16d0168e52d35cacd2c6185b44281ec28c9dc,0xf0dce33b04f990a559fd7feef3271bf65a84930cfacfea6c1b8a32365ee7553e,2327.0606378685489136669185377386804401870694926878
24957517,0x88e6a0c2ddd26feeb64f039a2c41296fcb3f5640,0x4313c378cc91ea583c91387b9216e2c03096b27f,0xab62fa1cc8f8a88df0822abb97db3722c35ed361c9210da130ce1866390de400,2315.9770639730639730639730639730639730639730639731
24957517,0x00c600b30fb0400701010f4b080409018b9006e0,0xe0554a476a092703abdb3ef35c80e0d76d32939f,0x0b5ca580576c3681b2a0bf56b4db82da44d7af5d40421176c58a3fe4cf64dd0e,2317.805134747200174617630505343696485368437419129
24957517,0xe8736af1926e9d8f5a6602fbbb0893b26436d710,0x7f54f05635d15cde17a49502fedb9d1803a3be8a,0xf2675445c9c8c78fe6c1d044d9b8ac5772f0db4c290b94d5d34e003f82d4727b,2316.2165391551623978243322541967962490091319603104
24957517,0x3d90f66b534dd8482b181e24655a9e8265316be9,0x6a93ef5f666eebe84ba130f8404ad56ee197006c,0x106b9126e13d91f0221a74b42f3061f5a61bef37bfe863da8454f9da8c34a7c9,515.34434924013311641290137925860899383089826985662
24957518,0x1d27ad3613e84e201bc87929590f95e75454cdc0,0x28b1dc1a5e3699a428bc51d234dfab7c9cb2a183,0xe8bf1df397441eaaeeaef6614cf66bafd140e9ba2ac06f91abc1c5de4c143d2e,1705.2041813835806556796990547103683697228472553709
24957518,0xe3d41d19564922c9952f692c5dd0563030f5f2ef,0x1d27ad3613e84e201bc87929590f95e75454cdc0,0xe8bf1df397441eaaeeaef6614cf66bafd140e9ba2ac06f91abc1c5de4c143d2e,1705.2041813835806556796990547103683697228472553709
24957518,0xe0554a476a092703abdb3ef35c80e0d76d32939f,0x66a9893cc07d91d95644aedd05d03f95e1dba8af,0x01b9a860cbf4501be18eafdde171bf1cb53b8bdf067fa4651df866ab4d2a3891,2317.2309887272727272727272727272727272727272727273
24957518,0x7f54f05635d15cde17a49502fedb9d1803a3be8a,0xe0554a476a092703abdb3ef35c80e0d76d32939f,0x264227f7f1bdc75d46d439befbcfafe9cf22a45256c49c6f95a46a1d5ddc61e5,2317.2980903342439355877758439075056719883388786887
24957519,0xbdb3ba9ffe392549e1f8658dd2630c141fdf47b6,0xe0554a476a092703abdb3ef35c80e0d76d32939f,0x9965295eae011876f16105e9f8d6aff128dbfe1edb90d5b961b12468cd472843,2317.7336380680235719255060629478955375069869951212
24957519,0x1445f32d1a74872ba41f3d8cf4022e9996120b31,0x42e213a3ad048e899b89ea8cb11d21bc97b84748,0xc7cb14e5f9d81d0135e9ea9c48d89999c41457636e7fa803d14f3f38aedccf9b,2317.1334264343935014701432707736324066680814227765
24957519,0xb9e9e795fd530314663f779f7f57950c6bc1eb4b,0xe0554a476a092703abdb3ef35c80e0d76d32939f,0x35f584529bbebb9fc49268567b1968d27ae1526b2ad34fe5494f36ccb446057b,2318.1956153878515644747406679480983624206376859766
24957521,0x28b1dc1a5e3699a428bc51d234dfab7c9cb2a183,0x163f3103de041d25464e2c8a4f8f3187ec1856e0,0x69cf6fd8acb4a923d9adedd80d279852a3da391562ca89cb45be34ed8357018b,487.63808181035971674690134759184908946872628502197
24957521,0x28b1dc1a5e3699a428bc51d234dfab7c9cb2a183,0xb2dc2da9684dfef77cfa5c6bb07e733023715292,0x69cf6fd8acb4a923d9adedd80d279852a3da391562ca89cb45be34ed8357018b,1128.5422020318634097934961670605831502611040388957
24957521,0xb2dc2da9684dfef77cfa5c6bb07e733023715292,0x7f86bf177dd4f3494b841a37e810a34dd56c829b,0x69cf6fd8acb4a923d9adedd80d279852a3da391562ca89cb45be34ed8357018b,2317.807757203638683417229039512397159146471140171
24957521,0x7f54f05635d15cde17a49502fedb9d1803a3be8a,0xe0554a476a092703abdb3ef35c80e0d76d32939f,0xb306923c4bada6b9c4515d7ff1ada48bd1218f88387e636f522ac8805ca773b1,2318.2076167434591140288082579718121828788636156198
24957522,0x584a31052c643d32f3134a956956dad722ff4161,0x1445f32d1a74872ba41f3d8cf4022e9996120b31,0x8b3994bb981c8738f59c832308522a091fe96bb110884e15e4f673d26e1e9fbe,2318.1136851811098516409698966770746226611442512005
24957523,0x05e436af41dce96ca73ac8619ec335249972470b,0x7f86bf177dd4f3494b841a37e810a34dd56c829b,0xf5b025f8d5e2c3866c529826eef330c87e3d6077d8e0e75b960e0798d21bb140,1431.3197694566304719024825657585404490325216453722
24957523,0xcd452c162da7761f08f656b8e5ede3a385981378,0x28b1dc1a5e3699a428bc51d234dfab7c9cb2a183,0x5e483e57b67844ea2c03e923106450a9dfb74923047486c9ac5bc0bc5c7983ee,2343.3412647501588412141259609242143266044447951853
24957524,0x7f54f05635d15cde17a49502fedb9d1803a3be8a,0xe0554a476a092703abdb3ef35c80e0d76d32939f,0x734c6b29bc90da70bdd03bd6fe9ad7afae17571a6ee9ce96a69677a9f6679d5d,2318.4340986109230638382504287978938929201003639864
24957524,0x28b1dc1a5e3699a428bc51d234dfab7c9cb2a183,0x163f3103de041d25464e2c8a4f8f3187ec1856e0,0x5d16204ac6367e8160a5a00b1a76ff2564f30846bbe856437eb28ea7b4f2b932,6073.3824567694947300552703874251937604511747272145
24957524,0x1d27ad3613e84e201bc87929590f95e75454cdc0,0x28b1dc1a5e3699a428bc51d234dfab7c9cb2a183,0x5d16204ac6367e8160a5a00b1a76ff2564f30846bbe856437eb28ea7b4f2b932,2317.605128289550756121012408928759618454706981589
24957524,0xe3d41d19564922c9952f692c5dd0563030f5f2ef,0x1d27ad3613e84e201bc87929590f95e75454cdc0,0x5d16204ac6367e8160a5a00b1a76ff2564f30846bbe856437eb28ea7b4f2b932,2317.605128289550756121012408928759618454706981589
24957524,0x2fa31d2ac017869998f9574bac76094a8110cf7c,0x28b1dc1a5e3699a428bc51d234dfab7c9cb2a183,0x5d16204ac6367e8160a5a00b1a76ff2564f30846bbe856437eb28ea7b4f2b932,2318.3793195156910380915252495254220942365484766494
24957524,0x69d460e01070a7ba1bc363885bc8f4f0daa19bf5,0x2fa31d2ac017869998f9574bac76094a8110cf7c,0x5d16204ac6367e8160a5a00b1a76ff2564f30846bbe856437eb28ea7b4f2b932,2318.3793195156910380915252495254220942365484766494
24957525,0xe0554a476a092703abdb3ef35c80e0d76d32939f,0x28b1dc1a5e3699a428bc51d234dfab7c9cb2a183,0xc165222c1eb2b22d3a7052a2d9da0bbb901ad60f70a65019633cf3ad110d6064,2317.512316
24957526,0xe0554a476a092703abdb3ef35c80e0d76d32939f,0x045d21b97747686c4b4f8d70e6feeadcb3f6d345,0x8cb67defaad3e724cc58f27b314f9188ed475402836f2d23219ffd5cee0a2b6a,2316.8489839572192513368983957219251336898395721925
24957526,0x000000000004444c5dc75cb358380d2e3de08a90,0x045d21b97747686c4b4f8d70e6feeadcb3f6d345,0x8cb67defaad3e724cc58f27b314f9188ed475402836f2d23219ffd5cee0a2b6a,2318.1790908787875420838009311214569050767230747008
24957526,0x831bf48183b999fde45294b14b55199072f0801b,0x045d21b97747686c4b4f8d70e6feeadcb3f6d345,0x8cb67defaad3e724cc58f27b314f9188ed475402836f2d23219ffd5cee0a2b6a,2317.8600534986625334366640833979150521236969075773
24957527,0x66a9893cc07d91d95644aedd05d03f95e1dba8af,0xe0554a476a092703abdb3ef35c80e0d76d32939f,0xe7f09e33eb039c7f3ab6a3c031eca2b6e0f3ac1a2cc8c3a6a5f150c8ca2e3c33,2318.0573840024547304810724584030491848697439263067
24957527,0xe0554a476a092703abdb3ef35c80e0d76d32939f,0xbdb3ba9ffe392549e1f8658dd2630c141fdf47b6,0xb3fbffba24f37db5b15653a278b4052fc2786161c8448577e2f5cce492c94413,2318.027765924685295905241617694325329692307319005
24957527,0xbc1d9760bd6ca468ca9fb5ff2cfbeac35d86c973,0xe0554a476a092703abdb3ef35c80e0d76d32939f,0x5be7c4d08074b92f540506001b96b0754ff60e4eaee913575dbb6e604abf58fe,2318.1825099557314621829416631391553994150393123118
24957527,0x000000000004444c5dc75cb358380d2e3de08a90,0x045d21b97747686c4b4f8d70e6feeadcb3f6d345,0x8608947e5f6ec26fcd0703651cf3105de40409293c37a098f97838dc47f31089,2317.6796620877682273549227748682198061669934393832
24957527,0x831bf48183b999fde45294b14b55199072f0801b,0x045d21b97747686c4b4f8d70e6feeadcb3f6d345,0x8608947e5f6ec26fcd0703651cf3105de40409293c37a098f97838dc47f31089,2317.0715452031057349461828118231197307474424339365
24957527,0x045d21b97747686c4b4f8d70e6feeadcb3f6d345,0xe0554a476a092703abdb3ef35c80e0d76d32939f,0x8608947e5f6ec26fcd0703651cf3105de40409293c37a098f97838dc47f31089,2318.2002068033582627568611358976883284678674944526
24957527,0x045d21b97747686c4b4f8d70e6feeadcb3f6d345,0x35644fb61afbc458bf92b15add6abc1996be5014,0x8608947e5f6ec26fcd0703651cf3105de40409293c37a098f97838dc47f31089,2317.0259645795002040003517264440619579889680233532
24957528,0xe0554a476a092703abdb3ef35c80e0d76d32939f,0x51c72848c68a965f66fa7a88855f9f7784502a7f,0x158a9f0dfefa73312d950e5ea7e18440476c5d0ca8ab2f83be1364de268d866a,2318.5484308004570916573437657325718892215182730481
24957528,0x7f54f05635d15cde17a49502fedb9d1803a3be8a,0xe0554a476a092703abdb3ef35c80e0d76d32939f,0x398e8eb72ece0178d6ac8e753316fc896d782de5bb9494c22cada6901f882dd4,2318.2290943692110171384654040024003571806044512746
24957528,0x9ba0cf1588e1dfa905ec948f7fe5104dd40eda31,0x7f54f05635d15cde17a49502fedb9d1803a3be8a,0x49354f7b56b1589e92b352eaac7f83fa170457f9ba1b81ce9b36b0e2d48c198e,2316.4067634451450596534044282345012343845352133802
24957528,0x88e6a0c2ddd26feeb64f039a2c41296fcb3f5640,0x4313c378cc91ea583c91387b9216e2c03096b27f,0x1e994de725aa0ed80b73d71043a312e0672bb4363a18242a28d1a9aa31057fa4,2316.5873737373737373737373737373737373737373737374
24957528,0x66a9893cc07d91d95644aedd05d03f95e1dba8af,0xe0554a476a092703abdb3ef35c80e0d76d32939f,0x64d5bc1c31eb6b6a7fc07d65872a356de6720937bd6a68cdb75de9cd9b439dea,2318.4730796259407632232344296784526703783091287046
24957528,0x000000000004444c5dc75cb358380d2e3de08a90,0xc10ee9031f2a0b84766a86b55a8d90f357910fb4,0x3b76d90659f52665c5b0725447aaecc958c077282be99a289e569a6375312dda,2316.9087746246449792706874494067285542919427433655
24957529,0x28b1dc1a5e3699a428bc51d234dfab7c9cb2a183,0x163f3103de041d25464e2c8a4f8f3187ec1856e0,0x971c5abd577f9ec8b6f2b25bda2f3fcea37e43fef386dc24f36f601b2cf1a7e8,2317.7518283850860786961698853410996089652919925956
24957529,0x9ba0cf1588e1dfa905ec948f7fe5104dd40eda31,0x7f54f05635d15cde17a49502fedb9d1803a3be8a,0x9198bd3002191069d1385bfd864c0f90d8fa712d44bc629077ac15351b6cf951,2316.3580181583867944115811275231655038070744350543
24957529,0xe0554a476a092703abdb3ef35c80e0d76d32939f,0xbdb3ba9ffe392549e1f8658dd2630c141fdf47b6,0xa4aba96ced4a3cb471f451b4cb4977e8157eabc3bf0422fc2ac1d2df870c5ec8,2317.9782136809502139680548707973636428082349997124
24957530,0x28b1dc1a5e3699a428bc51d234dfab7c9cb2a183,0x163f3103de041d25464e2c8a4f8f3187ec1856e0,0x2483160f52993bbbecb50111cf3b159cc7946f891506d62d8bbad9fed2cae55a,129.68176808366296131342745632869735722877365606511
24957530,0xe0554a476a092703abdb3ef35c80e0d76d32939f,0x06cff7088619c7178f5e14f0b119458d08d2f5ef,0x191809a2ac312cc8e82cdb7b830afeae491dd5d5241df47328a05a906eaadaaf,2317.6831054462327289021692517752266682478996078275
24957530,0x28b1dc1a5e3699a428bc51d234dfab7c9cb2a183,0x163f3103de041d25464e2c8a4f8f3187ec1856e0,0x9c65466c866fb6177ce100d2eae60cb31477a886699413c7a2b7084310394135,2317.9280715033876535325228208420910080028501039545
24957530,0x88e6a0c2ddd26feeb64f039a2c41296fcb3f5640,0x4313c378cc91ea583c91387b9216e2c03096b27f,0xc89df72180ec0ff50e426af80a6121917b43da2bf3b61014189d4143f44d86d2,2316.5864646464646464646464646464646464646464646465
24957531,0x831bf48183b999fde45294b14b55199072f0801b,0xa462d9acaccb141ce7f17213b95198fe248c27a1,0xa3a14412ab14c095613c8bfe66d76316d82d830ab7d52626da48d3ad824bd253,2309.0909444544303889917620580743713068966560086046
24957531,0xa462d9acaccb141ce7f17213b95198fe248c27a1,0x831bf48183b999fde45294b14b55199072f0801b,0x905d62f828761a374e912f69fc53fea11e9962e5be2d7915f1e4d1c4bf0ad485,2311.0442793810067766974863793651363999948518686499
24957531,0xe0554a476a092703abdb3ef35c80e0d76d32939f,0x7f54f05635d15cde17a49502fedb9d1803a3be8a,0x25de7c6af74108d6f94293f074fd94a0822ce18bc6093b8d790dbade984fbd9f,2317.5443686202070377401223654405439387928671326989
24957532,0x28b1dc1a5e3699a428bc51d234dfab7c9cb2a183,0x163f3103de041d25464e2c8a4f8f3187ec1856e0,0x365dba4cf3d59eac243816d0b9ad7304bea7981b03b8eb18db4fbd05b7a64f38,2319.7055408008352332608707593954594889265144010845
24957534,0xe0554a476a092703abdb3ef35c80e0d76d32939f,0x03588d14a7aff8a566afd539a4b44cdecca00fdb,0xe98ed67c9e3321cee435f3b0f6e93757dbb3fbe2cf5865d14056913b7708af4c,2317.5021717592378161759195012199322882123622661413
24957534,0x03588d14a7aff8a566afd539a4b44cdecca00fdb,0xe0554a476a092703abdb3ef35c80e0d76d32939f,0xce87ba96fe82bc7ec72bd179972e2bc6c62f88d11fad7bd5751973983f3ebb96,2317.966036745972780364038580164602448070822883649
24957537,0x88e6a0c2ddd26feeb64f039a2c41296fcb3f5640,0x4313c378cc91ea583c91387b9216e2c03096b27f,0xfb042b60df8fd83a7e4d4d3dda871a83e42e5e352b676586c4b32a23fb092f9d,2316.5851515151515151515151515151515151515151515152
24957537,0xaf682de1f2e6f710731121a05a44cb3c1b511f7d,0xe0554a476a092703abdb3ef35c80e0d76d32939f,0xe49ca294a7088ec54b8c9fc8f0391906b06eaaa4eeffd2c0e044c53aba9bc589,2317.9836693876658471407959752747270143397168334129
24957537,0xe0554a476a092703abdb3ef35c80e0d76d32939f,0x9008d19f58aabd9ed0d60971565aa8510560ab41,0xb152d292263c62e65c043225c265542256f172f061f5ac6b9225b1802ce94c6f,2317.494171849476250768972834448914179576537119355
24957538,0xe0554a476a092703abdb3ef35c80e0d76d32939f,0x7f54f05635d15cde17a49502fedb9d1803a3be8a,0x6fc7af7506a16e72f0db197a08ff56d4dd18fdfe3697a95f8e31ce94e7ec4133,2317.446956341998548823756687349269207930871701538
24957538,0x28b1dc1a5e3699a428bc51d234dfab7c9cb2a183,0xe0554a476a092703abdb3ef35c80e0d76d32939f,0x75df1b7d5e5cd5ae75be0d1cefde4006915bb826e9acb35352d8ddfd95a53762,2317.8956911078695685917368063483570068364401746849
24957539,0x51c72848c68a965f66fa7a88855f9f7784502a7f,0x7f54f05635d15cde17a49502fedb9d1803a3be8a,0x8b6611773f4e2381e4eaa36b60f3922f8325eaa1b421616a4d77b85589c75060,2315.2031960779530045399232524120398799822271266677
24957540,0xb9e9e795fd530314663f779f7f57950c6bc1eb4b,0xe0554a476a092703abdb3ef35c80e0d76d32939f,0x85ff2d07461d1be57bce38f1a071885506412be40e0f3c9ecc3b5c9f34f67c00,2318.7917250700635097597028053488098449800882034467
24957540,0xe0554a476a092703abdb3ef35c80e0d76d32939f,0xeff6cb8b614999d130e537751ee99724d01aa167,0x802a4e2169b28fff82ab8b958a199fedd6b6e216f49d61572b1b0842e13c5fc7,2318.9485670610900105149810173984897797748607417777
24957540,0xe0554a476a092703abdb3ef35c80e0d76d32939f,0xbdb3ba9ffe392549e1f8658dd2630c141fdf47b6,0xe597d4aa51fbf24e1fa66a52c34fad6dc0c958691a7244d114aff35bc2479406,2317.9809803885708395113013786131656905384878259862
24957540,0x9ba0cf1588e1dfa905ec948f7fe5104dd40eda31,0x7f54f05635d15cde17a49502fedb9d1803a3be8a,0x0c0db489761bff2399e07830a3c9ebcd83c25f3dd04da5478e3f17690e63a757,2315.902074572819527105159283361621646931039316299
24957541,0x28b1dc1a5e3699a428bc51d234dfab7c9cb2a183,0x163f3103de041d25464e2c8a4f8f3187ec1856e0,0x155acd2a2aaf3a239a5c03f7cacd685954371c7459da3bddc475d28fc7bd2841,2312.2412888337141889737835914196478419432365133104
24957541,0xe0554a476a092703abdb3ef35c80e0d76d32939f,0x7f54f05635d15cde17a49502fedb9d1803a3be8a,0x5c111fb1dcebd7b23080e09379580b08e6623ec194e6835948e73581dbaeed3e,2317.1029775962944966007849213688580601887703823689
24957541,0x9008d19f58aabd9ed0d60971565aa8510560ab41,0xcc26f9f86ce702a9a303fb9febc70144c1eff0b4,0xcac9162ab947cd53c5854d27e1536cad763616fc32ff76d37eb82744b2ea358f,2259.6699102503542749173358526216343882853094000945
24957541,0x2c0552e5dcb79b064fd23e358a86810bc5994244,0x9008d19f58aabd9ed0d60971565aa8510560ab41,0xcac9162ab947cd53c5854d27e1536cad763616fc32ff76d37eb82744b2ea358f,2317.0185085807126568389177388635068344215788724895
24957541,0xe0554a476a092703abdb3ef35c80e0d76d32939f,0x2c0552e5dcb79b064fd23e358a86810bc5994244,0xcac9162ab947cd53c5854d27e1536cad763616fc32ff76d37eb82744b2ea358f,2317.0185085807126568389177388635068344215788724895
24957541,0x28b1dc1a5e3699a428bc51d234dfab7c9cb2a183,0x163f3103de041d25464e2c8a4f8f3187ec1856e0,0x4e8e22c5dc272c910bf60e21d2cae471fee8a0d7bad7067b1c0439b1b96a658f,2319.8279566802331681191109437080751339478138692171
24957543,0x4313c378cc91ea583c91387b9216e2c03096b27f,0x88e6a0c2ddd26feeb64f039a2c41296fcb3f5640,0x7bcc3d4b66ea2f2043c054ca53bcec7bd59a26b664c6d133e1a0962b39372e61,2318.9100451529554654414309885923550121144409938297
24957543,0x3611b82c7b13e72b26eb0e9be0613bee7a45ac7c,0xe0554a476a092703abdb3ef35c80e0d76d32939f,0xffb784bd8f71d24577d222dd935fdef043ef00f48c97bb813ec7b1399c5546cf,2317.582080651134669128113383127071208892297761617
24957543,0x2fa31d2ac017869998f9574bac76094a8110cf7c,0x28b1dc1a5e3699a428bc51d234dfab7c9cb2a183,0xf73be11fb0746c1c40b15ba0cad270b83eb116973a05b4bfe4772c36d9835de6,2317.2123598363609385929584331347902579646861818259
24957543,0x69d460e01070a7ba1bc363885bc8f4f0daa19bf5,0x2fa31d2ac017869998f9574bac76094a8110cf7c,0xf73be11fb0746c1c40b15ba0cad270b83eb116973a05b4bfe4772c36d9835de6,2317.2123598363609385929584331347902579646861818259
24957543,0x28b1dc1a5e3699a428bc51d234dfab7c9cb2a183,0x163f3103de041d25464e2c8a4f8f3187ec1856e0,0x3aff3a173bad6f1df3c65333a244eb4e2b72b593d64ba6eb27ff2904abcd813e,2323.0552931627582317111097533057727057336859099283
24957543,0x7f54f05635d15cde17a49502fedb9d1803a3be8a,0xe0554a476a092703abdb3ef35c80e0d76d32939f,0xeef2861bfd0fb6302fe25e64f1607ceb202c28139a766429ff0001213ab4ff47,2317.524739743238169061108395156642420913273289736
24957544,0x000000000004444c5dc75cb358380d2e3de08a90,0xc10ee9031f2a0b84766a86b55a8d90f357910fb4,0x17a7c040e1794adc51eb4050c9444e2379d2972b08b3ae0568bd7610e34be4c6,2316.2623677581863979848866498740554156171284634761
24957544,0xe0554a476a092703abdb3ef35c80e0d76d32939f,0x7f54f05635d15cde17a49502fedb9d1803a3be8a,0xc78e1510ca3ba9974c594aae74e178f1275b9cd811c8aca9b446c31033a3e741,2316.9105675198557296381775504457343003793155114109
24957545,0xef6fc636a63859e08ad3479fe456262eed2e5042,0x88e6a0c2ddd26feeb64f039a2c41296fcb3f5640,0xaad7ff471cacc13d1fb85a37e0e301312772c69a10f9f30788050fc87c4bca2e,2318.9278539749484885178239665311258697151909190652
24957545,0xef6fc636a63859e08ad3479fe456262eed2e5042,0x88e6a0c2ddd26feeb64f039a2c41296fcb3f5640,0x5ec13f1ae38784121f6063abb85cebb3dd6d6ef2fa4762f600b7e2d88dca183d,2318.9285660209908989709096692908803312495446755732
24957545,0xbdb3ba9ffe392549e1f8658dd2630c141fdf47b6,0x4645e287ba6057f8dde942b3f640803e7728e5a9,0xa335a79d610e36d1fefbaa3208ac15d98da071f775ed448f119d935b779a442a,2316.1715913809818412971840022999251512087457403057
24957546,0x5050e08626c499411b5d0e0b5af0e83d3fd82edf,0xe0554a476a092703abdb3ef35c80e0d76d32939f,0xa9bf3ba15178cf1730fb56c0f5ce203d8f35a45cd184d05481c67fdd2656d34a,2318.0134823147578747648664822792487088284073626787
24957546,0x5050e08626c499411b5d0e0b5af0e83d3fd82edf,0x7f86bf177dd4f3494b841a37e810a34dd56c829b,0xcd4afd05aab65d66ce2cbeec3825b47350a3ae572319664b39b68fece9576700,2318.4609803389200888522300463555412383022986987154
24957546,0xe0554a476a092703abdb3ef35c80e0d76d32939f,0x4c82d1fbfe28c977cbb58d8c7ff8fcf9f70a2cca,0xdd78080f7e2f37e901d3cead596efac97423962e3d6f5d380c20df14d744eb0a,2318.011419704909297558479121604918810244142595544
24957547,0x66a9893cc07d91d95644aedd05d03f95e1dba8af,0xe0554a476a092703abdb3ef35c80e0d76d32939f,0x725481e150b4ce5e6c8a97958a5c08aee61afafd9ee1902b4dea211eaf858c60,2318.1457236962313582433641779972147612162755688194
24957548,0x1d27ad3613e84e201bc87929590f95e75454cdc0,0x28b1dc1a5e3699a428bc51d234dfab7c9cb2a183,0x70292c87d324a93971d33f06bd993c60ebcfc94cdcf0308a17db6694e8be09ca,774.9377759443309042098788405632334495072484908027
24957548,0xe3d41d19564922c9952f692c5dd0563030f5f2ef,0x1d27ad3613e84e201bc87929590f95e75454cdc0,0x70292c87d324a93971d33f06bd993c60ebcfc94cdcf0308a17db6694e8be09ca,774.9377759443309042098788405632334495072484908027
24957548,0xe0554a476a092703abdb3ef35c80e0d76d32939f,0xd226997439ecfbeff8e110c8c78c8a7eefd19f89,0x33123417362cc25b2c60993d8e98ced312ed495b4184248af3fe2ece17260055,2317.6793627826133322675892699316801936648219068106
24957548,0x43403583e889ada1c951a94e9996af3a5ccf7b46,0x3d90f66b534dd8482b181e24655a9e8265316be9,0x997a93c6a7c90fe435bac413b2e5552f2fa9cb931592742485afc6e4b1f13f71,2318.638532515683884224240670032580189721470226835
24957548,0xe3d41d19564922c9952f692c5dd0563030f5f2ef,0x43403583e889ada1c951a94e9996af3a5ccf7b46,0x997a93c6a7c90fe435bac413b2e5552f2fa9cb931592742485afc6e4b1f13f71,2318.638532515683884224240670032580189721470226835
24957548,0xc10aff701af6a2ae965cf1a8f19da4846c4708f2,0x3d90f66b534dd8482b181e24655a9e8265316be9,0x997a93c6a7c90fe435bac413b2e5552f2fa9cb931592742485afc6e4b1f13f71,2318.2788460099692649650111846082494796653517734462
24957548,0x51c72848c68a965f66fa7a88855f9f7784502a7f,0xc10aff701af6a2ae965cf1a8f19da4846c4708f2,0x997a93c6a7c90fe435bac413b2e5552f2fa9cb931592742485afc6e4b1f13f71,2318.2788460099692649650111846082494796653517734462
24957548,0x8f10b468b06c6fd214b65f87778827f7d113f996,0xe3d41d19564922c9952f692c5dd0563030f5f2ef,0xd7f9bbcc9453f8d8c35163c6e6049c2293f1db7ceb27876baf198e5fb25b1d11,2318.3555420680647207575272624194748050022323184173
24957548,0xbdb3ba9ffe392549e1f8658dd2630c141fdf47b6,0xe0554a476a092703abdb3ef35c80e0d76d32939f,0xccff0c6d57e486967e582e5da996dfbf88585b718638180a219a00cdf4ffcc77,2318.5341453806352531813737434930254362891333983053
24957548,0x3a23f943181408eac424116af7b7790c94cb97a5,0xa8f8296f4053fd65e89b245d6c7f983a70234c8b,0x23a3f4f6b92d286e173073c206f70c4c8269f12d3f56f4bb576e784708a1902a,2318.6283326745717341489685866717304205861625097119
24957548,0xe3d41d19564922c9952f692c5dd0563030f5f2ef,0x8f10b468b06c6fd214b65f87778827f7d113f996,0x4ecf93049cb3ed8682eb920e9df4bbb4e810b965ba8d270a52da5b58da614602,2317.7095277884333973763773216691469115049557800183
24957548,0x1d27ad3613e84e201bc87929590f95e75454cdc0,0x28b1dc1a5e3699a428bc51d234dfab7c9cb2a183,0x7664f55ba635202866b5e5142a35f531db4d88c0c1cb16668f3be5c28b087222,2318.6385323235898968084292199187764487831049879826
24957548,0xe3d41d19564922c9952f692c5dd0563030f5f2ef,0x1d27ad3613e84e201bc87929590f95e75454cdc0,0x7664f55ba635202866b5e5142a35f531db4d88c0c1cb16668f3be5c28b087222,2318.6385323235898968084292199187764487831049879826
24957548,0x88e6a0c2ddd26feeb64f039a2c41296fcb3f5640,0x66a9893cc07d91d95644aedd05d03f95e1dba8af,0x86a266c2a38870b1320c1cca8d1ee1e95be7324d92caf90da1dad23f090f9995,2316.5584496432546417279664593521956609151549765823
24957549,0x28b1dc1a5e3699a428bc51d234dfab7c9cb2a183,0x163f3103de041d25464e2c8a4f8f3187ec1856e0,0x2b95af9b2c6845c7e4b9fbd3be1c9f14738fe868f1f34bce2bb1608ab5b1e403,2317.7485260454332531105960240912410062116317896637
24957549,0x0000000aa232009084bd71a5797d089aa4edfad4,0x000000000004444c5dc75cb358380d2e3de08a90,0xf12d2c0d3f25e28779e8c37d9633e1a6a0434e27bb9209e0f448175930e80a1b,2318.1287718718970046027001617966538577525657084173
24957549,0x51c72848c68a965f66fa7a88855f9f7784502a7f,0x7f54f05635d15cde17a49502fedb9d1803a3be8a,0xc6127f884e86af8a5b0acd85ed70d8867f81e927566164310a19d74d92f7d230,2317.0996436593967288332461745040578656444106895112
24957550,0x88e6a0c2ddd26feeb64f039a2c41296fcb3f5640,0x4313c378cc91ea583c91387b9216e2c03096b27f,0x632d236cd65ad41aebb03509b1a9499391e1501b9b3cdfb1524ffa9bcc2ab0b0,2316.4742959595959595959595959595959595959595959596
24957550,0x28b1dc1a5e3699a428bc51d234dfab7c9cb2a183,0x163f3103de041d25464e2c8a4f8f3187ec1856e0,0x6605bb4e00896b6c432d73e3d4f16de3cce66eb526dc53ad705685bb24b306c4,2324.0296632125021471831833562402151710133120365386
