Address,Token
0xa3c2076eb97d573cc8842f1db1ecdf7b6f77ba27,ETH
0xccb365d2e11ae4d6d74715c680f56cf58bf4bf10,ETH
0xccb365d2e11ae4d6d74715c680f56cf58bf4bf10,ETH
0x1b958974311e4c765cbbff120fdee87da91df8e8,ETH
0xccB365D2e11aE4D6d74715c680f56cf58bF4bF10,ETH
0xccb365d2e11ae4d6d74715c680f56cf58bf4bf10,ETH
0xc73a02c63277fc12f28ae6d78bd7e1b6b425911b,ETH
0xC73a02c63277fC12F28Ae6D78bD7E1B6b425911B,ETH
0xc73a02c63277fc12f28ae6d78bd7e1b6b425911b,ETH
0xC73a02c63277fC12F28Ae6D78bD7E1B6b425911B,ETH
0xc73a02c63277fc12f28ae6d78bd7e1b6b425911b,ETH
0xC73a02c63277fC12F28Ae6D78bD7E1B6b425911B,ETH
0xc73a02c63277fc12f28ae6d78bd7e1b6b425911b,ETH
0xC73a02c63277fC12F28Ae6D78bD7E1B6b425911B,ETH
0xc73a02c63277fc12f28ae6d78bd7e1b6b425911b,ETH
0x9cA8530CA349c966Fe9ef903Df17a75B8A778927,ETH
0x6dfa413b5900a1a7947bc75e68abba093cb2492d,ETH
0x9cA8530CA349c966Fe9ef903Df17a75B8A778927,ETH
0x6dfa413b5900a1a7947bc75e68abba093cb2492d,ETH
0x6dfa413b5900a1a7947bc75e68abba093cb2492d,ETH
0x9cA8530CA349c966Fe9ef903Df17a75B8A778927,ETH
0x6dfa413b5900a1a7947bc75e68abba093cb2492d,ETH
0x6dfa413b5900a1a7947bc75e68abba093cb2492d,ETH
0x9cA8530CA349c966Fe9ef903Df17a75B8A778927,ETH
0x6dfa413b5900a1a7947bc75e68abba093cb2492d,ETH
0x6dfa413b5900a1a7947bc75e68abba093cb2492d,ETH
0x9cA8530CA349c966Fe9ef903Df17a75B8A778927,ETH
0x6dfa413b5900a1a7947bc75e68abba093cb2492d,ETH
0x7E0E61d13c145f3da91B2e84c14305BEE05A49bc,ETH
0x6d3C9269BD1Bc9426798a752EcEBbD749E5eDaA8,ETH
0xF25B3dE8bA8129A5F335f071484F2ef8b0e40d7B,ETH
0xF25B3dE8bA8129A5F335f071484F2ef8b0e40d7B,ETH
0xf25b3de8ba8129a5f335f071484f2ef8b0e40d7b,ETH
0xf25b3de8ba8129a5f335f071484f2ef8b0e40d7b,ETH
0xF25B3dE8bA8129A5F335f071484F2ef8b0e40d7B,ETH
0xF25B3dE8bA8129A5F335f071484F2ef8b0e40d7B,ETH
0xF25B3dE8bA8129A5F335f071484F2ef8b0e40d7B,ETH
0x5A110fC00474038f6c02E89C707D638602EA44B5,ETH
0x8745a1eac4e22454fd5b9386995fae949221042e,ETH
0x8745a1eac4e22454fd5b9386995fae949221042e,ETH
0x8745a1eac4e22454fd5b9386995fae949221042e,ETH
0x8745a1eac4e22454fd5b9386995fae949221042e,ETH
0x0b6B7eF58f0dDe0D35187783172a738Fc64546a6,ETH
0x0b6B7eF58f0dDe0D35187783172a738Fc64546a6,ETH
0xaab17f1fccea5be51f6e2a5254927e06b06a985f,ETH
0xaab17f1fccea5be51f6e2a5254927e06b06a985f,ETH
0xaab17f1fccea5be51f6e2a5254927e06b06a985f,ETH
0x4cD11Afce55052DCE8d9Ce7A10835700a01F174e,ETH
0xa3c2076eb97d573cc8842f1db1ecdf7b6f77ba27,ETH
0xccb365d2e11ae4d6d74715c680f56cf58bf4bf10,ETH
0xccb365d2e11ae4d6d74715c680f56cf58bf4bf10,ETH
0x1b958974311e4c765cbbff120fdee87da91df8e8,ETH
0xccB365D2e11aE4D6d74715c680f56cf58bF4bF10,ETH
0xccb365d2e11ae4d6d74715c680f56cf58bf4bf10,ETH
0xc73a02c63277fc12f28ae6d78bd7e1b6b425911b,ETH
0xC73a02c63277fC12F28Ae6D78bD7E1B6b425911B,ETH
0xc73a02c63277fc12f28ae6d78bd7e1b6b425911b,ETH
0xC73a02c63277fC12F28Ae6D78bD7E1B6b425911B,ETH
0xc73a02c63277fc12f28ae6d78bd7e1b6b425911b,ETH
0xC73a02c63277fC12F28Ae6D78bD7E1B6b425911B,ETH
0xc73a02c63277fc12f28ae6d78bd7e1b6b425911b,ETH
0xC73a02c63277fC12F28Ae6D78bD7E1B6b425911B,ETH
0xc73a02c63277fc12f28ae6d78bd7e1b6b425911b,ETH
0x9cA8530CA349c966Fe9ef903Df17a75B8A778927,ETH
0x6dfa413b5900a1a7947bc75e68abba093cb2492d,ETH
0x9cA8530CA349c966Fe9ef903Df17a75B8A778927,ETH
0x6dfa413b5900a1a7947bc75e68abba093cb2492d,ETH
0x6dfa413b5900a1a7947bc75e68abba093cb2492d,ETH
0x9cA8530CA349c966Fe9ef903Df17a75B8A778927,ETH
0x6dfa413b5900a1a7947bc75e68abba093cb2492d,ETH
0x6dfa413b5900a1a7947bc75e68abba093cb2492d,ETH
0x9cA8530CA349c966Fe9ef903Df17a75B8A778927,ETH
0x6dfa413b5900a1a7947bc75e68abba093cb2492d,ETH
0x6dfa413b5900a1a7947bc75e68abba093cb2492d,ETH
0x9cA8530CA349c966Fe9ef903Df17a75B8A778927,ETH
0x6dfa413b5900a1a7947bc75e68abba093cb2492d,ETH
0x7E0E61d13c145f3da91B2e84c14305BEE05A49bc,ETH
0x6d3C9269BD1Bc9426798a752EcEBbD749E5eDaA8,ETH
0xF25B3dE8bA8129A5F335f071484F2ef8b0e40d7B,ETH
0xF25B3dE8bA8129A5F335f071484F2ef8b0e40d7B,ETH
0xf25b3de8ba8129a5f335f071484f2ef8b0e40d7b,ETH
0xf25b3de8ba8129a5f335f071484f2ef8b0e40d7b,ETH
0xF25B3dE8bA8129A5F335f071484F2ef8b0e40d7B,ETH
0xF25B3dE8bA8129A5F335f071484F2ef8b0e40d7B,ETH
0xF25B3dE8bA8129A5F335f071484F2ef8b0e40d7B,ETH
0x5A110fC00474038f6c02E89C707D638602EA44B5,ETH
0x8745a1eac4e22454fd5b9386995fae949221042e,ETH
0x8745a1eac4e22454fd5b9386995fae949221042e,ETH
0x8745a1eac4e22454fd5b9386995fae949221042e,ETH
0x8745a1eac4e22454fd5b9386995fae949221042e,ETH
0x99ea9a1aafacae4e518b1a38675a42c35e0588e9,ETH
0x99ea9a1aafacae4e518b1a38675a42c35e0588e9,ETH
0x0b6B7eF58f0dDe0D35187783172a738Fc64546a6,ETH
0x0b6B7eF58f0dDe0D35187783172a738Fc64546a6,ETH
0xaab17f1fccea5be51f6e2a5254927e06b06a985f,ETH
0xaab17f1fccea5be51f6e2a5254927e06b06a985f,ETH
0xaab17f1fccea5be51f6e2a5254927e06b06a985f,ETH
0x4cD11Afce55052DCE8d9Ce7A10835700a01F174e,ETH
0xa3c2076eb97d573cc8842f1db1ecdf7b6f77ba27,ETH
0xccb365d2e11ae4d6d74715c680f56cf58bf4bf10,ETH
0xccb365d2e11ae4d6d74715c680f56cf58bf4bf10,ETH
0x1b958974311e4c765cbbff120fdee87da91df8e8,ETH
0xccB365D2e11aE4D6d74715c680f56cf58bF4bF10,ETH
0xccb365d2e11ae4d6d74715c680f56cf58bf4bf10,ETH
0xc73a02c63277fc12f28ae6d78bd7e1b6b425911b,ETH
0xC73a02c63277fC12F28Ae6D78bD7E1B6b425911B,ETH
0xc73a02c63277fc12f28ae6d78bd7e1b6b425911b,ETH
0xC73a02c63277fC12F28Ae6D78bD7E1B6b425911B,ETH
0xc73a02c63277fc12f28ae6d78bd7e1b6b425911b,ETH
0xC73a02c63277fC12F28Ae6D78bD7E1B6b425911B,ETH
0xc73a02c63277fc12f28ae6d78bd7e1b6b425911b,ETH
0xC73a02c63277fC12F28Ae6D78bD7E1B6b425911B,ETH
0xc73a02c63277fc12f28ae6d78bd7e1b6b425911b,ETH
0x9cA8530CA349c966Fe9ef903Df17a75B8A778927,ETH
0x6dfa413b5900a1a7947bc75e68abba093cb2492d,ETH
0x9cA8530CA349c966Fe9ef903Df17a75B8A778927,ETH
0x6dfa413b5900a1a7947bc75e68abba093cb2492d,ETH
0x6dfa413b5900a1a7947bc75e68abba093cb2492d,ETH
0x9cA8530CA349c966Fe9ef903Df17a75B8A778927,ETH
0x6dfa413b5900a1a7947bc75e68abba093cb2492d,ETH
0x6dfa413b5900a1a7947bc75e68abba093cb2492d,ETH
0x9cA8530CA349c966Fe9ef903Df17a75B8A778927,ETH
0x6dfa413b5900a1a7947bc75e68abba093cb2492d,ETH
0x6dfa413b5900a1a7947bc75e68abba093cb2492d,ETH
0x9cA8530CA349c966Fe9ef903Df17a75B8A778927,ETH
0x6dfa413b5900a1a7947bc75e68abba093cb2492d,ETH
0x7E0E61d13c145f3da91B2e84c14305BEE05A49bc,ETH
0xF25B3dE8bA8129A5F335f071484F2ef8b0e40d7B,ETH
0xF25B3dE8bA8129A5F335f071484F2ef8b0e40d7B,ETH
0xf25b3de8ba8129a5f335f071484f2ef8b0e40d7b,ETH
0xf25b3de8ba8129a5f335f071484f2ef8b0e40d7b,ETH
0xF25B3dE8bA8129A5F335f071484F2ef8b0e40d7B,ETH
0xF25B3dE8bA8129A5F335f071484F2ef8b0e40d7B,ETH
0xF25B3dE8bA8129A5F335f071484F2ef8b0e40d7B,ETH
0x5A110fC00474038f6c02E89C707D638602EA44B5,ETH
0x8745a1eac4e22454fd5b9386995fae949221042e,ETH
0x8745a1eac4e22454fd5b9386995fae949221042e,ETH
0x8745a1eac4e22454fd5b9386995fae949221042e,ETH
0x8745a1eac4e22454fd5b9386995fae949221042e,ETH
0xa3c2076eb97d573cc8842f1db1ecdf7b6f77ba27,ETH
0xccb365d2e11ae4d6d74715c680f56cf58bf4bf10,ETH
0xccb365d2e11ae4d6d74715c680f56cf58bf4bf10,ETH
0x1b958974311e4c765cbbff120fdee87da91df8e8,ETH
0xccB365D2e11aE4D6d74715c680f56cf58bF4bF10,ETH
0xccb365d2e11ae4d6d74715c680f56cf58bf4bf10,ETH
0xc73a02c63277fc12f28ae6d78bd7e1b6b425911b,ETH
0xC73a02c63277fC12F28Ae6D78bD7E1B6b425911B,ETH
0xc73a02c63277fc12f28ae6d78bd7e1b6b425911b,ETH
0xC73a02c63277fC12F28Ae6D78bD7E1B6b425911B,ETH
0xc73a02c63277fc12f28ae6d78bd7e1b6b425911b,ETH
0xC73a02c63277fC12F28Ae6D78bD7E1B6b425911B,ETH
0xc73a02c63277fc12f28ae6d78bd7e1b6b425911b,ETH
0xC73a02c63277fC12F28Ae6D78bD7E1B6b425911B,ETH
0xc73a02c63277fc12f28ae6d78bd7e1b6b425911b,ETH
0x9cA8530CA349c966Fe9ef903Df17a75B8A778927,ETH
0x6dfa413b5900a1a7947bc75e68abba093cb2492d,ETH
0x9cA8530CA349c966Fe9ef903Df17a75B8A778927,ETH
0x6dfa413b5900a1a7947bc75e68abba093cb2492d,ETH
0x6dfa413b5900a1a7947bc75e68abba093cb2492d,ETH
0x9cA8530CA349c966Fe9ef903Df17a75B8A778927,ETH
0x6dfa413b5900a1a7947bc75e68abba093cb2492d,ETH
0x6dfa413b5900a1a7947bc75e68abba093cb2492d,ETH
0x9cA8530CA349c966Fe9ef903Df17a75B8A778927,ETH
0x6dfa413b5900a1a7947bc75e68abba093cb2492d,ETH
0x7E0E61d13c145f3da91B2e84c14305BEE05A49bc,ETH
0x6d3C9269BD1Bc9426798a752EcEBbD749E5eDaA8,ETH
0xF25B3dE8bA8129A5F335f071484F2ef8b0e40d7B,ETH
0xF25B3dE8bA8129A5F335f071484F2ef8b0e40d7B,ETH
0xf25b3de8ba8129a5f335f071484f2ef8b0e40d7b,ETH
0xf25b3de8ba8129a5f335f071484f2ef8b0e40d7b,ETH
0xF25B3dE8bA8129A5F335f071484F2ef8b0e40d7B,ETH
0xF25B3dE8bA8129A5F335f071484F2ef8b0e40d7B,ETH
0xF25B3dE8bA8129A5F335f071484F2ef8b0e40d7B,ETH
0x5A110fC00474038f6c02E89C707D638602EA44B5,ETH
0x99ea9a1aafacae4e518b1a38675a42c35e0588e9,ETH
0x99ea9a1aafacae4e518b1a38675a42c35e0588e9,ETH
0x0b6B7eF58f0dDe0D35187783172a738Fc64546a6,ETH
0x0b6B7eF58f0dDe0D35187783172a738Fc64546a6,ETH
0xaab17f1fccea5be51f6e2a5254927e06b06a985f,ETH
0xaab17f1fccea5be51f6e2a5254927e06b06a985f,ETH
0xaab17f1fccea5be51f6e2a5254927e06b06a985f,ETH
0xa3c2076eb97d573cc8842f1db1ecdf7b6f77ba27,ETH
0xccb365d2e11ae4d6d74715c680f56cf58bf4bf10,ETH
0xccb365d2e11ae4d6d74715c680f56cf58bf4bf10,ETH
0x1b958974311e4c765cbbff120fdee87da91df8e8,ETH
0xccB365D2e11aE4D6d74715c680f56cf58bF4bF10,ETH
0xccb365d2e11ae4d6d74715c680f56cf58bf4bf10,ETH
0xc73a02c63277fc12f28ae6d78bd7e1b6b425911b,ETH
0xC73a02c63277fC12F28Ae6D78bD7E1B6b425911B,ETH
0xc73a02c63277fc12f28ae6d78bd7e1b6b425911b,ETH
0xC73a02c63277fC12F28Ae6D78bD7E1B6b425911B,ETH
0xc73a02c63277fc12f28ae6d78bd7e1b6b425911b,ETH
0xC73a02c63277fC12F28Ae6D78bD7E1B6b425911B,ETH
0xc73a02c63277fc12f28ae6d78bd7e1b6b425911b,ETH
0xC73a02c63277fC12F28Ae6D78bD7E1B6b425911B,ETH
0xc73a02c63277fc12f28ae6d78bd7e1b6b425911b,ETH
0x9cA8530CA349c966Fe9ef903Df17a75B8A778927,ETH
0x6dfa413b5900a1a7947bc75e68abba093cb2492d,ETH
0x9cA8530CA349c966Fe9ef903Df17a75B8A778927,ETH
0x6dfa413b5900a1a7947bc75e68abba093cb2492d,ETH
0x6dfa413b5900a1a7947bc75e68abba093cb2492d,ETH
0x9cA8530CA349c966Fe9ef903Df17a75B8A778927,ETH
0x6dfa413b5900a1a7947bc75e68abba093cb2492d,ETH
0x6dfa413b5900a1a7947bc75e68abba093cb2492d,ETH
0x9cA8530CA349c966Fe9ef903Df17a75B8A778927,ETH
0x6dfa413b5900a1a7947bc75e68abba093cb2492d,ETH
0x6d3C9269BD1Bc9426798a752EcEBbD749E5eDaA8,ETH
0xF25B3dE8bA8129A5F335f071484F2ef8b0e40d7B,ETH
0xF25B3dE8bA8129A5F335f071484F2ef8b0e40d7B,ETH
0xf25b3de8ba8129a5f335f071484f2ef8b0e40d7b,ETH
0xf25b3de8ba8129a5f335f071484f2ef8b0e40d7b,ETH
0xF25B3dE8bA8129A5F335f071484F2ef8b0e40d7B,ETH
0xF25B3dE8bA8129A5F335f071484F2ef8b0e40d7B,ETH
0xF25B3dE8bA8129A5F335f071484F2ef8b0e40d7B,ETH
0x5A110fC00474038f6c02E89C707D638602EA44B5,ETH
0x8745a1eac4e22454fd5b9386995fae949221042e,ETH
0x8745a1eac4e22454fd5b9386995fae949221042e,ETH
0x8745a1eac4e22454fd5b9386995fae949221042e,ETH
0x8745a1eac4e22454fd5b9386995fae949221042e,ETH
0x0b6B7eF58f0dDe0D35187783172a738Fc64546a6,ETH
0x0b6B7eF58f0dDe0D35187783172a738Fc64546a6,ETH
0xaab17f1fccea5be51f6e2a5254927e06b06a985f,ETH
0xaab17f1fccea5be51f6e2a5254927e06b06a985f,ETH
0xaab17f1fccea5be51f6e2a5254927e06b06a985f,ETH
0xd8b9b6c9ad3442bfba20ee00589ad50c915db43d,ETH
0xf0b2d2b228064c0f948f41fa0961f25397f2d2eb,ETH
0xdf821b4fef459226399eeca29bbc49189f7bb3d3,ETH
0x4fc7ea57fc8370cb961ce60c1576f9bdcf07c845,ETH
0x83f115f050e0ae1791c311334cca6b1ee4817fde,ETH
0x67b659990a0bd4152833db2cb10fe7e50fdeb0e9,ETH
0x2ce25e509ebf1518fb76f7985ffb57fe8d4b212d,ETH
0x95e3419f14a96732658a81d19891f45318c3a8c6,ETH
0x9dedd62b3d77eff21238ed2e7b840413bc9744de,ETH
0x2baeb3ca720b79b6996c6fcd7838d18b67a6e2e1,ETH
0x4f89fb6893499c2ada917c2aa67405c201a48253,ETH
0x2c4bb0db39abd00a319522c37a8ef009d8c09df3,ETH
0x95e3419f14a96732658a81d19891f45318c3a8c6,ETH
0x1184d0edb04ad37fa64fd1db0ef33c2819636db6,ETH
0xa9c43efcfc8d0717c70da64f2b2ab1adb2b0a7da,ETH
0xa2ee09a6f2ae6d8bba1e4ad9ac56ceb763a3720a,ETH
0x571ccf439b32bfe68bd1f9f1d98067a134819ced,ETH
0x756685889fbb5cc03dd1fb6d67d0ea6e26006320,ETH
0x167e2320202bc56c813c139b4252e136fadd8e15,ETH
0x571ccf439b32bfe68bd1f9f1d98067a134819ced,ETH
0x571ccf439b32bfe68bd1f9f1d98067a134819ced,ETH
0x167e2320202bc56c813c139b4252e136fadd8e15,ETH
0x167e2320202bc56c813c139b4252e136fadd8e15,ETH
0xf0b2d2b228064c0f948f41fa0961f25397f2d2eb,ETH
0x26fb569ca26261e0f46d3a062283ba43f39c0262,ETH
0xa3c2076eb97d573cc8842f1db1ecdf7b6f77ba27,ETH
0xccb365d2e11ae4d6d74715c680f56cf58bf4bf10,ETH
0xccb365d2e11ae4d6d74715c680f56cf58bf4bf10,ETH
0x1b958974311e4c765cbbff120fdee87da91df8e8,ETH
0xccB365D2e11aE4D6d74715c680f56cf58bF4bF10,ETH
0xccb365d2e11ae4d6d74715c680f56cf58bf4bf10,ETH
0xc73a02c63277fc12f28ae6d78bd7e1b6b425911b,ETH
0xC73a02c63277fC12F28Ae6D78bD7E1B6b425911B,ETH
0xc73a02c63277fc12f28ae6d78bd7e1b6b425911b,ETH
0xC73a02c63277fC12F28Ae6D78bD7E1B6b425911B,ETH
0xc73a02c63277fc12f28ae6d78bd7e1b6b425911b,ETH
0xC73a02c63277fC12F28Ae6D78bD7E1B6b425911B,ETH
0xc73a02c63277fc12f28ae6d78bd7e1b6b425911b,ETH
0xC73a02c63277fC12F28Ae6D78bD7E1B6b425911B,ETH
0xc73a02c63277fc12f28ae6d78bd7e1b6b425911b,ETH
0x9cA8530CA349c966Fe9ef903Df17a75B8A778927,ETH
0x6dfa413b5900a1a7947bc75e68abba093cb2492d,ETH
0x9cA8530CA349c966Fe9ef903Df17a75B8A778927,ETH
0x6dfa413b5900a1a7947bc75e68abba093cb2492d,ETH
0x6dfa413b5900a1a7947bc75e68abba093cb2492d,ETH
0x9cA8530CA349c966Fe9ef903Df17a75B8A778927,ETH
0x6dfa413b5900a1a7947bc75e68abba093cb2492d,ETH
0x6dfa413b5900a1a7947bc75e68abba093cb2492d,ETH
0x9cA8530CA349c966Fe9ef903Df17a75B8A778927,ETH
0x6dfa413b5900a1a7947bc75e68abba093cb2492d,ETH
0x6d3C9269BD1Bc9426798a752EcEBbD749E5eDaA8,ETH
0x5A110fC00474038f6c02E89C707D638602EA44B5,ETH
0x8745a1eac4e22454fd5b9386995fae949221042e,ETH
0x8745a1eac4e22454fd5b9386995fae949221042e,ETH
0x8745a1eac4e22454fd5b9386995fae949221042e,ETH
0x8745a1eac4e22454fd5b9386995fae949221042e,ETH
0x8745a1eac4e22454fd5b9386995fae949221042e,ETH
0x8745a1eac4e22454fd5b9386995fae949221042e,ETH
0x8745a1eac4e22454fd5b9386995fae949221042e,ETH
0x8745a1eac4e22454fd5b9386995fae949221042e,ETH
0x99ea9a1aafacae4e518b1a38675a42c35e0588e9,ETH
0x99ea9a1aafacae4e518b1a38675a42c35e0588e9,ETH
0x0b6B7eF58f0dDe0D35187783172a738Fc64546a6,ETH
0x0b6B7eF58f0dDe0D35187783172a738Fc64546a6,ETH
0xaab17f1fccea5be51f6e2a5254927e06b06a985f,ETH
0xaab17f1fccea5be51f6e2a5254927e06b06a985f,ETH
0xaab17f1fccea5be51f6e2a5254927e06b06a985f,ETH
0x57fdbe6f22424d1294b389aa95f23e2558ac5a4f,ETH
0x9c10454425e5ef48ef97d2c2d23e4f0df1249256,ETH
0x605e6fd2aab5827fa88f8e5f640f9f76b97e3c34,ETH
0x35aacf61fa42c5a249721834e69f1f09642977b0,ETH
0x55dba2d92b5c427b8ff24929b190d1831a084a7a,ETH
0x35aacf61fa42c5a249721834e69f1f09642977b0,ETH
0x3336ec9e7fd2483ba3a79a41948c9ccf87a4211c,ETH
0x3336ec9e7fd2483ba3a79a41948c9ccf87a4211c,ETH
0x53a30450e5814e25568d721fdc797924498da5cb,ETH
0x09d19644a8c9c67e245c0419647c27ffd73d9908,ETH
0x77d70071fa6735770500c03e779b8f69741f7300,ETH
0x0af02cdaab4ccf5d898f6214d85c94609835a82d,ETH
0x35aacf61fa42c5a249721834e69f1f09642977b0,ETH
0xfc48590a6bf99a8061d9f07e69c07df969cbe8f9,ETH
0x35aacf61fa42c5a249721834e69f1f09642977b0,ETH
0x107f8b9f117446ba82300c18b92ede76e9c2100d,ETH
0x107f8b9f117446ba82300c18b92ede76e9c2100d,ETH
0x207779810750f4a3709e2c17a0985616bea09340,ETH
0xb0d3bdefb702108e57c38fdbeed4922bf5c50bf0,ETH
0x16d42f741af858253669948c7e571682fae1f370,ETH
0x0a989bfd2488f37e42422b61889f9839c0be8d34,ETH
0x55dba2d92b5c427b8ff24929b190d1831a084a7a,ETH
0xa6b9cb6c4006b82c8000200b8bacfa02bcb2a1c3,ETH
0xa6b9cb6c4006b82c8000200b8bacfa02bcb2a1c3,ETH
0x3417ee6e75823df72604cf2a402bb9d7ca42075c,ETH
0xebc38c8fee3fc741aee6002a59e8e6e7b89549c8,ETH
0xfc48590a6bf99a8061d9f07e69c07df969cbe8f9,ETH
0xebc38c8fee3fc741aee6002a59e8e6e7b89549c8,ETH
0xa3c2076eb97d573cc8842f1db1ecdf7b6f77ba27,ETH
0xccb365d2e11ae4d6d74715c680f56cf58bf4bf10,ETH
0xccb365d2e11ae4d6d74715c680f56cf58bf4bf10,ETH
0x1b958974311e4c765cbbff120fdee87da91df8e8,ETH
0xccB365D2e11aE4D6d74715c680f56cf58bF4bF10,ETH
0xccb365d2e11ae4d6d74715c680f56cf58bf4bf10,ETH
0xc73a02c63277fc12f28ae6d78bd7e1b6b425911b,ETH
0xC73a02c63277fC12F28Ae6D78bD7E1B6b425911B,ETH
0xc73a02c63277fc12f28ae6d78bd7e1b6b425911b,ETH
0xC73a02c63277fC12F28Ae6D78bD7E1B6b425911B,ETH
0xc73a02c63277fc12f28ae6d78bd7e1b6b425911b,ETH
0xC73a02c63277fC12F28Ae6D78bD7E1B6b425911B,ETH
0xc73a02c63277fc12f28ae6d78bd7e1b6b425911b,ETH
0xC73a02c63277fC12F28Ae6D78bD7E1B6b425911B,ETH
0xc73a02c63277fc12f28ae6d78bd7e1b6b425911b,ETH
0x9cA8530CA349c966Fe9ef903Df17a75B8A778927,ETH
0x6dfa413b5900a1a7947bc75e68abba093cb2492d,ETH
0x6dfa413b5900a1a7947bc75e68abba093cb2492d,ETH
0x6dfa413b5900a1a7947bc75e68abba093cb2492d,ETH
0x6dfa413b5900a1a7947bc75e68abba093cb2492d,ETH
0x9cA8530CA349c966Fe9ef903Df17a75B8A778927,ETH
0x6d3C9269BD1Bc9426798a752EcEBbD749E5eDaA8,ETH
0xF25B3dE8bA8129A5F335f071484F2ef8b0e40d7B,ETH
0xF25B3dE8bA8129A5F335f071484F2ef8b0e40d7B,ETH
0xf25b3de8ba8129a5f335f071484f2ef8b0e40d7b,ETH
0xf25b3de8ba8129a5f335f071484f2ef8b0e40d7b,ETH
0xF25B3dE8bA8129A5F335f071484F2ef8b0e40d7B,ETH
0xF25B3dE8bA8129A5F335f071484F2ef8b0e40d7B,ETH
0xF25B3dE8bA8129A5F335f071484F2ef8b0e40d7B,ETH
0x5A110fC00474038f6c02E89C707D638602EA44B5,ETH
0x8745a1eac4e22454fd5b9386995fae949221042e,ETH
0x8745a1eac4e22454fd5b9386995fae949221042e,ETH
0x8745a1eac4e22454fd5b9386995fae949221042e,ETH
0x8745a1eac4e22454fd5b9386995fae949221042e,ETH
0x8745a1eac4e22454fd5b9386995fae949221042e,ETH
0x8745a1eac4e22454fd5b9386995fae949221042e,ETH
0x8745a1eac4e22454fd5b9386995fae949221042e,ETH
0x8745a1eac4e22454fd5b9386995fae949221042e,ETH
0x99ea9a1aafacae4e518b1a38675a42c35e0588e9,ETH
0x99ea9a1aafacae4e518b1a38675a42c35e0588e9,ETH
0x0b6B7eF58f0dDe0D35187783172a738Fc64546a6,ETH
0x0b6B7eF58f0dDe0D35187783172a738Fc64546a6,ETH
0xaab17f1fccea5be51f6e2a5254927e06b06a985f,ETH
0xaab17f1fccea5be51f6e2a5254927e06b06a985f,ETH
0xaab17f1fccea5be51f6e2a5254927e06b06a985f,ETH
0x1b4cbb64193e9985b5174aa48acf59806afe3492,ETH
0x1b4cbb64193e9985b5174aa48acf59806afe3492,ETH
0xf86bf83ee4f1e81bbc989a57aae16e641d863377,ETH
0x2eef6a6bac8254454485d6f8917478ef7653c38b,ETH
0x15f00e543095bfca10610ddca6faed30a2f3fc11,ETH
0x15f00e543095bfca10610ddca6faed30a2f3fc11,ETH
0x15f00e543095bfca10610ddca6faed30a2f3fc11,ETH
0x1c70e338bc8f9cefc0061bc38a29bb5ee593394d,ETH
0x1f3a7842db79b895b4239a2dd78123a908388f2f,ETH
0xC3407a75F3E8B359A69b5f505D40f0FE2724634e,ETH
0xa3c2076eb97d573cc8842f1db1ecdf7b6f77ba27,ETH
0xccb365d2e11ae4d6d74715c680f56cf58bf4bf10,ETH
0xccb365d2e11ae4d6d74715c680f56cf58bf4bf10,ETH
0x1b958974311e4c765cbbff120fdee87da91df8e8,ETH
0xccB365D2e11aE4D6d74715c680f56cf58bF4bF10,ETH
0xccb365d2e11ae4d6d74715c680f56cf58bf4bf10,ETH
0xc73a02c63277fc12f28ae6d78bd7e1b6b425911b,ETH
0xC73a02c63277fC12F28Ae6D78bD7E1B6b425911B,ETH
0xc73a02c63277fc12f28ae6d78bd7e1b6b425911b,ETH
0xC73a02c63277fC12F28Ae6D78bD7E1B6b425911B,ETH
0xc73a02c63277fc12f28ae6d78bd7e1b6b425911b,ETH
0xC73a02c63277fC12F28Ae6D78bD7E1B6b425911B,ETH
0xc73a02c63277fc12f28ae6d78bd7e1b6b425911b,ETH
0xC73a02c63277fC12F28Ae6D78bD7E1B6b425911B,ETH
0xc73a02c63277fc12f28ae6d78bd7e1b6b425911b,ETH
0x9cA8530CA349c966Fe9ef903Df17a75B8A778927,ETH
0x6dfa413b5900a1a7947bc75e68abba093cb2492d,ETH
0x6dfa413b5900a1a7947bc75e68abba093cb2492d,ETH
0x6dfa413b5900a1a7947bc75e68abba093cb2492d,ETH
0x6dfa413b5900a1a7947bc75e68abba093cb2492d,ETH
0x9cA8530CA349c966Fe9ef903Df17a75B8A778927,ETH
0x6d3C9269BD1Bc9426798a752EcEBbD749E5eDaA8,ETH
0xF25B3dE8bA8129A5F335f071484F2ef8b0e40d7B,ETH
0xF25B3dE8bA8129A5F335f071484F2ef8b0e40d7B,ETH
0xf25b3de8ba8129a5f335f071484f2ef8b0e40d7b,ETH
0xf25b3de8ba8129a5f335f071484f2ef8b0e40d7b,ETH
0xF25B3dE8bA8129A5F335f071484F2ef8b0e40d7B,ETH
0xF25B3dE8bA8129A5F335f071484F2ef8b0e40d7B,ETH
0xF25B3dE8bA8129A5F335f071484F2ef8b0e40d7B,ETH
0x5A110fC00474038f6c02E89C707D638602EA44B5,ETH
0x8745a1eac4e22454fd5b9386995fae949221042e,ETH
0x8745a1eac4e22454fd5b9386995fae949221042e,ETH
0x8745a1eac4e22454fd5b9386995fae949221042e,ETH
0x8745a1eac4e22454fd5b9386995fae949221042e,ETH
0x8745a1eac4e22454fd5b9386995fae949221042e,ETH
0x8745a1eac4e22454fd5b9386995fae949221042e,ETH
0x8745a1eac4e22454fd5b9386995fae949221042e,ETH
0x8745a1eac4e22454fd5b9386995fae949221042e,ETH
0x0b6B7eF58f0dDe0D35187783172a738Fc64546a6,ETH
0x0b6B7eF58f0dDe0D35187783172a738Fc64546a6,ETH
0xaab17f1fccea5be51f6e2a5254927e06b06a985f,ETH
0xaab17f1fccea5be51f6e2a5254927e06b06a985f,ETH
0xaab17f1fccea5be51f6e2a5254927e06b06a985f,ETH
0xC3407a75F3E8B359A69b5f505D40f0FE2724634e,ETH
0xa3c2076eb97d573cc8842f1db1ecdf7b6f77ba27,ETH
0xccb365d2e11ae4d6d74715c680f56cf58bf4bf10,ETH
0xccb365d2e11ae4d6d74715c680f56cf58bf4bf10,ETH
0x1b958974311e4c765cbbff120fdee87da91df8e8,ETH
0xccB365D2e11aE4D6d74715c680f56cf58bF4bF10,ETH
0xccb365d2e11ae4d6d74715c680f56cf58bf4bf10,ETH
0xc73a02c63277fc12f28ae6d78bd7e1b6b425911b,ETH
0xC73a02c63277fC12F28Ae6D78bD7E1B6b425911B,ETH
0xc73a02c63277fc12f28ae6d78bd7e1b6b425911b,ETH
0xC73a02c63277fC12F28Ae6D78bD7E1B6b425911B,ETH
0xc73a02c63277fc12f28ae6d78bd7e1b6b425911b,ETH
0xC73a02c63277fC12F28Ae6D78bD7E1B6b425911B,ETH
0xc73a02c63277fc12f28ae6d78bd7e1b6b425911b,ETH
0xC73a02c63277fC12F28Ae6D78bD7E1B6b425911B,ETH
0xc73a02c63277fc12f28ae6d78bd7e1b6b425911b,ETH
0x9cA8530CA349c966Fe9ef903Df17a75B8A778927,ETH
0x6dfa413b5900a1a7947bc75e68abba093cb2492d,ETH
0x6dfa413b5900a1a7947bc75e68abba093cb2492d,ETH
0x6dfa413b5900a1a7947bc75e68abba093cb2492d,ETH
0x6dfa413b5900a1a7947bc75e68abba093cb2492d,ETH
0x9cA8530CA349c966Fe9ef903Df17a75B8A778927,ETH
0x6d3C9269BD1Bc9426798a752EcEBbD749E5eDaA8,ETH
0xF25B3dE8bA8129A5F335f071484F2ef8b0e40d7B,ETH
0xF25B3dE8bA8129A5F335f071484F2ef8b0e40d7B,ETH
0xf25b3de8ba8129a5f335f071484f2ef8b0e40d7b,ETH
0xf25b3de8ba8129a5f335f071484f2ef8b0e40d7b,ETH
0xF25B3dE8bA8129A5F335f071484F2ef8b0e40d7B,ETH
0xF25B3dE8bA8129A5F335f071484F2ef8b0e40d7B,ETH
0xF25B3dE8bA8129A5F335f071484F2ef8b0e40d7B,ETH
0x5A110fC00474038f6c02E89C707D638602EA44B5,ETH
0x8745a1eac4e22454fd5b9386995fae949221042e,ETH
0x8745a1eac4e22454fd5b9386995fae949221042e,ETH
0x8745a1eac4e22454fd5b9386995fae949221042e,ETH
0x8745a1eac4e22454fd5b9386995fae949221042e,ETH
0x8745a1eac4e22454fd5b9386995fae949221042e,ETH
0x8745a1eac4e22454fd5b9386995fae949221042e,ETH
0x8745a1eac4e22454fd5b9386995fae949221042e,ETH
0x8745a1eac4e22454fd5b9386995fae949221042e,ETH
0x99ea9a1aafacae4e518b1a38675a42c35e0588e9,ETH
0x99ea9a1aafacae4e518b1a38675a42c35e0588e9,ETH
0x0b6B7eF58f0dDe0D35187783172a738Fc64546a6,ETH
0x0b6B7eF58f0dDe0D35187783172a738Fc64546a6,ETH
0xaab17f1fccea5be51f6e2a5254927e06b06a985f,ETH
0xaab17f1fccea5be51f6e2a5254927e06b06a985f,ETH
0xaab17f1fccea5be51f6e2a5254927e06b06a985f,ETH
0x1b4cbb64193e9985b5174aa48acf59806afe3492,ETH
0x1b4cbb64193e9985b5174aa48acf59806afe3492,ETH
0xf86bf83ee4f1e81bbc989a57aae16e641d863377,ETH
0x2eef6a6bac8254454485d6f8917478ef7653c38b,ETH
0x15f00e543095bfca10610ddca6faed30a2f3fc11,ETH
0x15f00e543095bfca10610ddca6faed30a2f3fc11,ETH
0x15f00e543095bfca10610ddca6faed30a2f3fc11,ETH
0x1c70e338bc8f9cefc0061bc38a29bb5ee593394d,ETH
0x1f3a7842db79b895b4239a2dd78123a908388f2f,ETH
0xC3407a75F3E8B359A69b5f505D40f0FE2724634e,ETH
0xa3c2076eb97d573cc8842f1db1ecdf7b6f77ba27,ETH
0xccb365d2e11ae4d6d74715c680f56cf58bf4bf10,ETH
0xccb365d2e11ae4d6d74715c680f56cf58bf4bf10,ETH
0x1b958974311e4c765cbbff120fdee87da91df8e8,ETH
0xccB365D2e11aE4D6d74715c680f56cf58bF4bF10,ETH
0xccb365d2e11ae4d6d74715c680f56cf58bf4bf10,ETH
0xc73a02c63277fc12f28ae6d78bd7e1b6b425911b,ETH
0xC73a02c63277fC12F28Ae6D78bD7E1B6b425911B,ETH
0xc73a02c63277fc12f28ae6d78bd7e1b6b425911b,ETH
0xC73a02c63277fC12F28Ae6D78bD7E1B6b425911B,ETH
0xc73a02c63277fc12f28ae6d78bd7e1b6b425911b,ETH
0xC73a02c63277fC12F28Ae6D78bD7E1B6b425911B,ETH
0xc73a02c63277fc12f28ae6d78bd7e1b6b425911b,ETH
0xC73a02c63277fC12F28Ae6D78bD7E1B6b425911B,ETH
0xc73a02c63277fc12f28ae6d78bd7e1b6b425911b,ETH
0x9cA8530CA349c966Fe9ef903Df17a75B8A778927,ETH
0x6dfa413b5900a1a7947bc75e68abba093cb2492d,ETH
0x6dfa413b5900a1a7947bc75e68abba093cb2492d,ETH
0x9cA8530CA349c966Fe9ef903Df17a75B8A778927,ETH
0x6d3C9269BD1Bc9426798a752EcEBbD749E5eDaA8,ETH
0xF25B3dE8bA8129A5F335f071484F2ef8b0e40d7B,ETH
0xF25B3dE8bA8129A5F335f071484F2ef8b0e40d7B,ETH
0xf25b3de8ba8129a5f335f071484f2ef8b0e40d7b,ETH
0xf25b3de8ba8129a5f335f071484f2ef8b0e40d7b,ETH
0xF25B3dE8bA8129A5F335f071484F2ef8b0e40d7B,ETH
0xF25B3dE8bA8129A5F335f071484F2ef8b0e40d7B,ETH
0xF25B3dE8bA8129A5F335f071484F2ef8b0e40d7B,ETH
0x5A110fC00474038f6c02E89C707D638602EA44B5,ETH
0x8745a1eac4e22454fd5b9386995fae949221042e,ETH
0x8745a1eac4e22454fd5b9386995fae949221042e,ETH
0x8745a1eac4e22454fd5b9386995fae949221042e,ETH
0x8745a1eac4e22454fd5b9386995fae949221042e,ETH
0x8745a1eac4e22454fd5b9386995fae949221042e,ETH
0x8745a1eac4e22454fd5b9386995fae949221042e,ETH
0x8745a1eac4e22454fd5b9386995fae949221042e,ETH
0x8745a1eac4e22454fd5b9386995fae949221042e,ETH
0x0b6B7eF58f0dDe0D35187783172a738Fc64546a6,ETH
0x0b6B7eF58f0dDe0D35187783172a738Fc64546a6,ETH
0xaab17f1fccea5be51f6e2a5254927e06b06a985f,ETH
0xaab17f1fccea5be51f6e2a5254927e06b06a985f,ETH
0xaab17f1fccea5be51f6e2a5254927e06b06a985f,ETH
0x481feacf07ff119b798e5a1a7544ad241888ef5d,ETH
0x1b4cbb64193e9985b5174aa48acf59806afe3492,ETH
0x1b4cbb64193e9985b5174aa48acf59806afe3492,ETH
0xf86bf83ee4f1e81bbc989a57aae16e641d863377,ETH
0x2eef6a6bac8254454485d6f8917478ef7653c38b,ETH
0x15f00e543095bfca10610ddca6faed30a2f3fc11,ETH
0x15f00e543095bfca10610ddca6faed30a2f3fc11,ETH
0x15f00e543095bfca10610ddca6faed30a2f3fc11,ETH
0x1c70e338bc8f9cefc0061bc38a29bb5ee593394d,ETH
0x1f3a7842db79b895b4239a2dd78123a908388f2f,ETH
0xa3c2076eb97d573cc8842f1db1ecdf7b6f77ba27,ETH
0xccb365d2e11ae4d6d74715c680f56cf58bf4bf10,ETH
0xccb365d2e11ae4d6d74715c680f56cf58bf4bf10,ETH
0x1b958974311e4c765cbbff120fdee87da91df8e8,ETH
0xccB365D2e11aE4D6d74715c680f56cf58bF4bF10,ETH
0xccb365d2e11ae4d6d74715c680f56cf58bf4bf10,ETH
0xc73a02c63277fc12f28ae6d78bd7e1b6b425911b,ETH
0xC73a02c63277fC12F28Ae6D78bD7E1B6b425911B,ETH
0xc73a02c63277fc12f28ae6d78bd7e1b6b425911b,ETH
0xC73a02c63277fC12F28Ae6D78bD7E1B6b425911B,ETH
0xc73a02c63277fc12f28ae6d78bd7e1b6b425911b,ETH
0xC73a02c63277fC12F28Ae6D78bD7E1B6b425911B,ETH
0xc73a02c63277fc12f28ae6d78bd7e1b6b425911b,ETH
0xC73a02c63277fC12F28Ae6D78bD7E1B6b425911B,ETH
0xc73a02c63277fc12f28ae6d78bd7e1b6b425911b,ETH
0x9cA8530CA349c966Fe9ef903Df17a75B8A778927,ETH
0x6dfa413b5900a1a7947bc75e68abba093cb2492d,ETH
0x6dfa413b5900a1a7947bc75e68abba093cb2492d,ETH
0x9cA8530CA349c966Fe9ef903Df17a75B8A778927,ETH
0xF25B3dE8bA8129A5F335f071484F2ef8b0e40d7B,ETH
0xF25B3dE8bA8129A5F335f071484F2ef8b0e40d7B,ETH
0xf25b3de8ba8129a5f335f071484f2ef8b0e40d7b,ETH
0xf25b3de8ba8129a5f335f071484f2ef8b0e40d7b,ETH
0xF25B3dE8bA8129A5F335f071484F2ef8b0e40d7B,ETH
0xF25B3dE8bA8129A5F335f071484F2ef8b0e40d7B,ETH
0xF25B3dE8bA8129A5F335f071484F2ef8b0e40d7B,ETH
0x5A110fC00474038f6c02E89C707D638602EA44B5,ETH
0x8745a1eac4e22454fd5b9386995fae949221042e,ETH
0x8745a1eac4e22454fd5b9386995fae949221042e,ETH
0x8745a1eac4e22454fd5b9386995fae949221042e,ETH
0x8745a1eac4e22454fd5b9386995fae949221042e,ETH
0x8745a1eac4e22454fd5b9386995fae949221042e,ETH
0x8745a1eac4e22454fd5b9386995fae949221042e,ETH
0x8745a1eac4e22454fd5b9386995fae949221042e,ETH
0x8745a1eac4e22454fd5b9386995fae949221042e,ETH
0x0b6B7eF58f0dDe0D35187783172a738Fc64546a6,ETH
0x0b6B7eF58f0dDe0D35187783172a738Fc64546a6,ETH
0xaab17f1fccea5be51f6e2a5254927e06b06a985f,ETH
0xaab17f1fccea5be51f6e2a5254927e06b06a985f,ETH
0xaab17f1fccea5be51f6e2a5254927e06b06a985f,ETH
0x3c3e7eb6800d9f9be3eb6616fcf61c04a41118c1,ETH
0x1c739450de18f833d878de238ede071f495e3c63,ETH
0x607096cd6b9f97faeb624b21186598fe14be6e5a,ETH
0x471bed6c584adbf1015676977535836cae8e3a7a,ETH
0xe0bf021709cd2f448c34e5fe70c45509d7cabec8,ETH
0x57fdbe6f22424d1294b389aa95f23e2558ac5a4f,ETH
0x9c10454425e5ef48ef97d2c2d23e4f0df1249256,ETH
0x605e6fd2aab5827fa88f8e5f640f9f76b97e3c34,ETH
0x35aacf61fa42c5a249721834e69f1f09642977b0,ETH
0xfc48590a6bf99a8061d9f07e69c07df969cbe8f9,ETH
0x949348dc3202ec4e8dee759b014afffea8fa762b,ETH
0x55dba2d92b5c427b8ff24929b190d1831a084a7a,ETH
0x0cbf1efb755d40d217b3381a050a886b90924d78,ETH
0x35aacf61fa42c5a249721834e69f1f09642977b0,ETH
0x3336ec9e7fd2483ba3a79a41948c9ccf87a4211c,ETH
0x3336ec9e7fd2483ba3a79a41948c9ccf87a4211c,ETH
0x53a30450e5814e25568d721fdc797924498da5cb,ETH
0x09d19644a8c9c67e245c0419647c27ffd73d9908,ETH
0x77d70071fa6735770500c03e779b8f69741f7300,ETH
0x35aacf61fa42c5a249721834e69f1f09642977b0,ETH
0xfc48590a6bf99a8061d9f07e69c07df969cbe8f9,ETH
0x35aacf61fa42c5a249721834e69f1f09642977b0,ETH
0x107f8b9f117446ba82300c18b92ede76e9c2100d,ETH
0x107f8b9f117446ba82300c18b92ede76e9c2100d,ETH
0x8c79e275dc51ce47a61ded5d6427d25cc781c997,ETH
0x66447c7edbdcd049dfdae94016b52dfcae1dbccb,ETH
0x207779810750f4a3709e2c17a0985616bea09340,ETH
0xc73a02c63277fc12f28ae6d78bd7e1b6b425911b,ETH
0xC73a02c63277fC12F28Ae6D78bD7E1B6b425911B,ETH
0xc73a02c63277fc12f28ae6d78bd7e1b6b425911b,ETH
0xC73a02c63277fC12F28Ae6D78bD7E1B6b425911B,ETH
0xc73a02c63277fc12f28ae6d78bd7e1b6b425911b,ETH
0xC73a02c63277fC12F28Ae6D78bD7E1B6b425911B,ETH
0xc73a02c63277fc12f28ae6d78bd7e1b6b425911b,ETH
0xC73a02c63277fC12F28Ae6D78bD7E1B6b425911B,ETH
0xc73a02c63277fc12f28ae6d78bd7e1b6b425911b,ETH
0x9cA8530CA349c966Fe9ef903Df17a75B8A778927,ETH
0x6dfa413b5900a1a7947bc75e68abba093cb2492d,ETH
0x6dfa413b5900a1a7947bc75e68abba093cb2492d,ETH
0x9cA8530CA349c966Fe9ef903Df17a75B8A778927,ETH
0x6d3C9269BD1Bc9426798a752EcEBbD749E5eDaA8,ETH
0xF25B3dE8bA8129A5F335f071484F2ef8b0e40d7B,ETH
0xF25B3dE8bA8129A5F335f071484F2ef8b0e40d7B,ETH
0xf25b3de8ba8129a5f335f071484f2ef8b0e40d7b,ETH
0xf25b3de8ba8129a5f335f071484f2ef8b0e40d7b,ETH
0xF25B3dE8bA8129A5F335f071484F2ef8b0e40d7B,ETH
0xF25B3dE8bA8129A5F335f071484F2ef8b0e40d7B,ETH
0xF25B3dE8bA8129A5F335f071484F2ef8b0e40d7B,ETH
0x5A110fC00474038f6c02E89C707D638602EA44B5,ETH
0x8745a1eac4e22454fd5b9386995fae949221042e,ETH
0x8745a1eac4e22454fd5b9386995fae949221042e,ETH
0x8745a1eac4e22454fd5b9386995fae949221042e,ETH
0x8745a1eac4e22454fd5b9386995fae949221042e,ETH
0x8745a1eac4e22454fd5b9386995fae949221042e,ETH
0x8745a1eac4e22454fd5b9386995fae949221042e,ETH
0x8745a1eac4e22454fd5b9386995fae949221042e,ETH
0x8745a1eac4e22454fd5b9386995fae949221042e,ETH
0x99ea9a1aafacae4e518b1a38675a42c35e0588e9,ETH
0x99ea9a1aafacae4e518b1a38675a42c35e0588e9,ETH
0x0b6B7eF58f0dDe0D35187783172a738Fc64546a6,ETH
0x0b6B7eF58f0dDe0D35187783172a738Fc64546a6,ETH
0xaab17f1fccea5be51f6e2a5254927e06b06a985f,ETH
0xaab17f1fccea5be51f6e2a5254927e06b06a985f,ETH
0xaab17f1fccea5be51f6e2a5254927e06b06a985f,ETH
0x481feacf07ff119b798e5a1a7544ad241888ef5d,ETH
0x1b4cbb64193e9985b5174aa48acf59806afe3492,ETH
0x1b4cbb64193e9985b5174aa48acf59806afe3492,ETH
0xf86bf83ee4f1e81bbc989a57aae16e641d863377,ETH
0x2eef6a6bac8254454485d6f8917478ef7653c38b,ETH
0x15f00e543095bfca10610ddca6faed30a2f3fc11,ETH
0x15f00e543095bfca10610ddca6faed30a2f3fc11,ETH
0x15f00e543095bfca10610ddca6faed30a2f3fc11,ETH
0x1c70e338bc8f9cefc0061bc38a29bb5ee593394d,ETH
0x1f3a7842db79b895b4239a2dd78123a908388f2f,ETH
0xa3c2076eb97d573cc8842f1db1ecdf7b6f77ba27,ETH
0xccb365d2e11ae4d6d74715c680f56cf58bf4bf10,ETH
0xccb365d2e11ae4d6d74715c680f56cf58bf4bf10,ETH
0x1b958974311e4c765cbbff120fdee87da91df8e8,ETH
0xccB365D2e11aE4D6d74715c680f56cf58bF4bF10,ETH
0xccb365d2e11ae4d6d74715c680f56cf58bf4bf10,ETH
0xc73a02c63277fc12f28ae6d78bd7e1b6b425911b,ETH
0xC73a02c63277fC12F28Ae6D78bD7E1B6b425911B,ETH
0xc73a02c63277fc12f28ae6d78bd7e1b6b425911b,ETH
0xC73a02c63277fC12F28Ae6D78bD7E1B6b425911B,ETH
0xc73a02c63277fc12f28ae6d78bd7e1b6b425911b,ETH
0xC73a02c63277fC12F28Ae6D78bD7E1B6b425911B,ETH
0xc73a02c63277fc12f28ae6d78bd7e1b6b425911b,ETH
0xC73a02c63277fC12F28Ae6D78bD7E1B6b425911B,ETH
0xc73a02c63277fc12f28ae6d78bd7e1b6b425911b,ETH
0x9cA8530CA349c966Fe9ef903Df17a75B8A778927,ETH
0x6dfa413b5900a1a7947bc75e68abba093cb2492d,ETH
0x6dfa413b5900a1a7947bc75e68abba093cb2492d,ETH
0x9cA8530CA349c966Fe9ef903Df17a75B8A778927,ETH
0x6d3C9269BD1Bc9426798a752EcEBbD749E5eDaA8,ETH
0xF25B3dE8bA8129A5F335f071484F2ef8b0e40d7B,ETH
0xF25B3dE8bA8129A5F335f071484F2ef8b0e40d7B,ETH
0xf25b3de8ba8129a5f335f071484f2ef8b0e40d7b,ETH
0xf25b3de8ba8129a5f335f071484f2ef8b0e40d7b,ETH
0xF25B3dE8bA8129A5F335f071484F2ef8b0e40d7B,ETH
0xF25B3dE8bA8129A5F335f071484F2ef8b0e40d7B,ETH
0xF25B3dE8bA8129A5F335f071484F2ef8b0e40d7B,ETH
0x5A110fC00474038f6c02E89C707D638602EA44B5,ETH
0x8745a1eac4e22454fd5b9386995fae949221042e,ETH
0x8745a1eac4e22454fd5b9386995fae949221042e,ETH
0x8745a1eac4e22454fd5b9386995fae949221042e,ETH
0x8745a1eac4e22454fd5b9386995fae949221042e,ETH
0x8745a1eac4e22454fd5b9386995fae949221042e,ETH
0x8745a1eac4e22454fd5b9386995fae949221042e,ETH
0x8745a1eac4e22454fd5b9386995fae949221042e,ETH
0x8745a1eac4e22454fd5b9386995fae949221042e,ETH
0x99ea9a1aafacae4e518b1a38675a42c35e0588e9,ETH
0x99ea9a1aafacae4e518b1a38675a42c35e0588e9,ETH
0x0b6B7eF58f0dDe0D35187783172a738Fc64546a6,ETH
0x0b6B7eF58f0dDe0D35187783172a738Fc64546a6,ETH
0xaab17f1fccea5be51f6e2a5254927e06b06a985f,ETH
0xaab17f1fccea5be51f6e2a5254927e06b06a985f,ETH
0xaab17f1fccea5be51f6e2a5254927e06b06a985f,ETH
0xC3407a75F3E8B359A69b5f505D40f0FE2724634e,ETH
0xa3c2076eb97d573cc8842f1db1ecdf7b6f77ba27,ETH
0xccb365d2e11ae4d6d74715c680f56cf58bf4bf10,ETH
0xccb365d2e11ae4d6d74715c680f56cf58bf4bf10,ETH
0x1b958974311e4c765cbbff120fdee87da91df8e8,ETH
0xccB365D2e11aE4D6d74715c680f56cf58bF4bF10,ETH
0xccb365d2e11ae4d6d74715c680f56cf58bf4bf10,ETH
0xc73a02c63277fc12f28ae6d78bd7e1b6b425911b,ETH
0xC73a02c63277fC12F28Ae6D78bD7E1B6b425911B,ETH
0xc73a02c63277fc12f28ae6d78bd7e1b6b425911b,ETH
0xC73a02c63277fC12F28Ae6D78bD7E1B6b425911B,ETH
0xc73a02c63277fc12f28ae6d78bd7e1b6b425911b,ETH
0xC73a02c63277fC12F28Ae6D78bD7E1B6b425911B,ETH
0xc73a02c63277fc12f28ae6d78bd7e1b6b425911b,ETH
0xC73a02c63277fC12F28Ae6D78bD7E1B6b425911B,ETH
0xc73a02c63277fc12f28ae6d78bd7e1b6b425911b,ETH
0x9cA8530CA349c966Fe9ef903Df17a75B8A778927,ETH
0x6dfa413b5900a1a7947bc75e68abba093cb2492d,ETH
0x6dfa413b5900a1a7947bc75e68abba093cb2492d,ETH
0x9cA8530CA349c966Fe9ef903Df17a75B8A778927,ETH
0x6d3C9269BD1Bc9426798a752EcEBbD749E5eDaA8,ETH
0xF25B3dE8bA8129A5F335f071484F2ef8b0e40d7B,ETH
0xF25B3dE8bA8129A5F335f071484F2ef8b0e40d7B,ETH
0xf25b3de8ba8129a5f335f071484f2ef8b0e40d7b,ETH
0xf25b3de8ba8129a5f335f071484f2ef8b0e40d7b,ETH
0xF25B3dE8bA8129A5F335f071484F2ef8b0e40d7B,ETH
0xF25B3dE8bA8129A5F335f071484F2ef8b0e40d7B,ETH
0xF25B3dE8bA8129A5F335f071484F2ef8b0e40d7B,ETH
0x5A110fC00474038f6c02E89C707D638602EA44B5,ETH
0x8745a1eac4e22454fd5b9386995fae949221042e,ETH
0x8745a1eac4e22454fd5b9386995fae949221042e,ETH
0x8745a1eac4e22454fd5b9386995fae949221042e,ETH
0x8745a1eac4e22454fd5b9386995fae949221042e,ETH
0x8745a1eac4e22454fd5b9386995fae949221042e,ETH
0x8745a1eac4e22454fd5b9386995fae949221042e,ETH
0x8745a1eac4e22454fd5b9386995fae949221042e,ETH
0x8745a1eac4e22454fd5b9386995fae949221042e,ETH
0x99ea9a1aafacae4e518b1a38675a42c35e0588e9,ETH
0x99ea9a1aafacae4e518b1a38675a42c35e0588e9,ETH
0x0b6B7eF58f0dDe0D35187783172a738Fc64546a6,ETH
0x0b6B7eF58f0dDe0D35187783172a738Fc64546a6,ETH
0xaab17f1fccea5be51f6e2a5254927e06b06a985f,ETH
0xaab17f1fccea5be51f6e2a5254927e06b06a985f,ETH
0xaab17f1fccea5be51f6e2a5254927e06b06a985f,ETH
0xC3407a75F3E8B359A69b5f505D40f0FE2724634e,ETH
0xa3c2076eb97d573cc8842f1db1ecdf7b6f77ba27,ETH
0xccb365d2e11ae4d6d74715c680f56cf58bf4bf10,ETH
0xccb365d2e11ae4d6d74715c680f56cf58bf4bf10,ETH
0x1b958974311e4c765cbbff120fdee87da91df8e8,ETH
0xccB365D2e11aE4D6d74715c680f56cf58bF4bF10,ETH
0xccb365d2e11ae4d6d74715c680f56cf58bf4bf10,ETH
0xc73a02c63277fc12f28ae6d78bd7e1b6b425911b,ETH
0xC73a02c63277fC12F28Ae6D78bD7E1B6b425911B,ETH
0xc73a02c63277fc12f28ae6d78bd7e1b6b425911b,ETH
0xC73a02c63277fC12F28Ae6D78bD7E1B6b425911B,ETH
0xc73a02c63277fc12f28ae6d78bd7e1b6b425911b,ETH
0xC73a02c63277fC12F28Ae6D78bD7E1B6b425911B,ETH
0xc73a02c63277fc12f28ae6d78bd7e1b6b425911b,ETH
0xC73a02c63277fC12F28Ae6D78bD7E1B6b425911B,ETH
0xc73a02c63277fc12f28ae6d78bd7e1b6b425911b,ETH
0x9cA8530CA349c966Fe9ef903Df17a75B8A778927,ETH
0x6dfa413b5900a1a7947bc75e68abba093cb2492d,ETH
0x6dfa413b5900a1a7947bc75e68abba093cb2492d,ETH
0x9cA8530CA349c966Fe9ef903Df17a75B8A778927,ETH
0xF25B3dE8bA8129A5F335f071484F2ef8b0e40d7B,ETH
0xF25B3dE8bA8129A5F335f071484F2ef8b0e40d7B,ETH
0xf25b3de8ba8129a5f335f071484f2ef8b0e40d7b,ETH
0xf25b3de8ba8129a5f335f071484f2ef8b0e40d7b,ETH
0xF25B3dE8bA8129A5F335f071484F2ef8b0e40d7B,ETH
0xF25B3dE8bA8129A5F335f071484F2ef8b0e40d7B,ETH
0xF25B3dE8bA8129A5F335f071484F2ef8b0e40d7B,ETH
0x5A110fC00474038f6c02E89C707D638602EA44B5,ETH
0x8745a1eac4e22454fd5b9386995fae949221042e,ETH
0x8745a1eac4e22454fd5b9386995fae949221042e,ETH
0x8745a1eac4e22454fd5b9386995fae949221042e,ETH
0x8745a1eac4e22454fd5b9386995fae949221042e,ETH
0x8745a1eac4e22454fd5b9386995fae949221042e,ETH
0x8745a1eac4e22454fd5b9386995fae949221042e,ETH
0x8745a1eac4e22454fd5b9386995fae949221042e,ETH
0x8745a1eac4e22454fd5b9386995fae949221042e,ETH
0x0b6B7eF58f0dDe0D35187783172a738Fc64546a6,ETH
0x0b6B7eF58f0dDe0D35187783172a738Fc64546a6,ETH
0xaab17f1fccea5be51f6e2a5254927e06b06a985f,ETH
0xaab17f1fccea5be51f6e2a5254927e06b06a985f,ETH
0xaab17f1fccea5be51f6e2a5254927e06b06a985f,ETH
0xfb5db8b1b5e762bc30b41d730f0bf0310dec1a08,ETH
0xccb93fb870b9fbc54a9e625d119426aef82c5234,ETH
0x7457eabfbf69a76312d2558c9abbcaeeb496777e,ETH
0x502e404722eec8535c018d7744d3fd14c39729b5,ETH
0x53a30450e5814e25568d721fdc797924498da5cb,ETH
0xbdef3fc4a178df84bea3564fa9653a6eebeddea3,ETH
0x9694d3ca9152283954648a9396c66318e0d649d3,ETH
0x473e2907d6a7f889dee7ac5dbda8ac134154da83,ETH
0x9694d3ca9152283954648a9396c66318e0d649d3,ETH
0x3c3e7eb6800d9f9be3eb6616fcf61c04a41118c1,ETH
0x1c739450de18f833d878de238ede071f495e3c63,ETH
0x607096cd6b9f97faeb624b21186598fe14be6e5a,ETH
0x471bed6c584adbf1015676977535836cae8e3a7a,ETH
0xe0bf021709cd2f448c34e5fe70c45509d7cabec8,ETH
0x57fdbe6f22424d1294b389aa95f23e2558ac5a4f,ETH
0x9c10454425e5ef48ef97d2c2d23e4f0df1249256,ETH
0x35aacf61fa42c5a249721834e69f1f09642977b0,ETH
0xfc48590a6bf99a8061d9f07e69c07df969cbe8f9,ETH
0x949348dc3202ec4e8dee759b014afffea8fa762b,ETH
0x8ca1d058e559a4fc2f8ae585412faf6783dd8c2c,ETH
0x55dba2d92b5c427b8ff24929b190d1831a084a7a,ETH
0x0cbf1efb755d40d217b3381a050a886b90924d78,ETH
0x35aacf61fa42c5a249721834e69f1f09642977b0,ETH
0x3336ec9e7fd2483ba3a79a41948c9ccf87a4211c,ETH
0x3336ec9e7fd2483ba3a79a41948c9ccf87a4211c,ETH
0xa3c2076eb97d573cc8842f1db1ecdf7b6f77ba27,ETH
0xccb365d2e11ae4d6d74715c680f56cf58bf4bf10,ETH
0xccb365d2e11ae4d6d74715c680f56cf58bf4bf10,ETH
0x1b958974311e4c765cbbff120fdee87da91df8e8,ETH
0xccB365D2e11aE4D6d74715c680f56cf58bF4bF10,ETH
0xccb365d2e11ae4d6d74715c680f56cf58bf4bf10,ETH
0xc73a02c63277fc12f28ae6d78bd7e1b6b425911b,ETH
0xC73a02c63277fC12F28Ae6D78bD7E1B6b425911B,ETH
0xc73a02c63277fc12f28ae6d78bd7e1b6b425911b,ETH
0xC73a02c63277fC12F28Ae6D78bD7E1B6b425911B,ETH
0xc73a02c63277fc12f28ae6d78bd7e1b6b425911b,ETH
0xC73a02c63277fC12F28Ae6D78bD7E1B6b425911B,ETH
0xc73a02c63277fc12f28ae6d78bd7e1b6b425911b,ETH
0xC73a02c63277fC12F28Ae6D78bD7E1B6b425911B,ETH
0xc73a02c63277fc12f28ae6d78bd7e1b6b425911b,ETH
0x9cA8530CA349c966Fe9ef903Df17a75B8A778927,ETH
0x6dfa413b5900a1a7947bc75e68abba093cb2492d,ETH
0x6dfa413b5900a1a7947bc75e68abba093cb2492d,ETH
0x9cA8530CA349c966Fe9ef903Df17a75B8A778927,ETH
0xa3c2076eb97d573cc8842f1db1ecdf7b6f77ba27,ETH
0xccb365d2e11ae4d6d74715c680f56cf58bf4bf10,ETH
0xccb365d2e11ae4d6d74715c680f56cf58bf4bf10,ETH
0x1b958974311e4c765cbbff120fdee87da91df8e8,ETH
0xccB365D2e11aE4D6d74715c680f56cf58bF4bF10,ETH
0xccb365d2e11ae4d6d74715c680f56cf58bf4bf10,ETH
0xc73a02c63277fc12f28ae6d78bd7e1b6b425911b,ETH
0xC73a02c63277fC12F28Ae6D78bD7E1B6b425911B,ETH
0xc73a02c63277fc12f28ae6d78bd7e1b6b425911b,ETH
0xC73a02c63277fC12F28Ae6D78bD7E1B6b425911B,ETH
0xc73a02c63277fc12f28ae6d78bd7e1b6b425911b,ETH
0xC73a02c63277fC12F28Ae6D78bD7E1B6b425911B,ETH
0xc73a02c63277fc12f28ae6d78bd7e1b6b425911b,ETH
0xC73a02c63277fC12F28Ae6D78bD7E1B6b425911B,ETH
0xc73a02c63277fc12f28ae6d78bd7e1b6b425911b,ETH
0x9cA8530CA349c966Fe9ef903Df17a75B8A778927,ETH
0x6dfa413b5900a1a7947bc75e68abba093cb2492d,ETH
0x6dfa413b5900a1a7947bc75e68abba093cb2492d,ETH
0x9cA8530CA349c966Fe9ef903Df17a75B8A778927,ETH
0x6d3C9269BD1Bc9426798a752EcEBbD749E5eDaA8,ETH
0x5A110fC00474038f6c02E89C707D638602EA44B5,ETH
0x8745a1eac4e22454fd5b9386995fae949221042e,ETH
0x8745a1eac4e22454fd5b9386995fae949221042e,ETH
0x8745a1eac4e22454fd5b9386995fae949221042e,ETH
0x8745a1eac4e22454fd5b9386995fae949221042e,ETH
0x8745a1eac4e22454fd5b9386995fae949221042e,ETH
0x8745a1eac4e22454fd5b9386995fae949221042e,ETH
0x8745a1eac4e22454fd5b9386995fae949221042e,ETH
0x8745a1eac4e22454fd5b9386995fae949221042e,ETH
0x99ea9a1aafacae4e518b1a38675a42c35e0588e9,ETH
0x99ea9a1aafacae4e518b1a38675a42c35e0588e9,ETH
0x0b6B7eF58f0dDe0D35187783172a738Fc64546a6,ETH
0x0b6B7eF58f0dDe0D35187783172a738Fc64546a6,ETH
0xaab17f1fccea5be51f6e2a5254927e06b06a985f,ETH
0xaab17f1fccea5be51f6e2a5254927e06b06a985f,ETH
0xaab17f1fccea5be51f6e2a5254927e06b06a985f,ETH
0x8ae41ddf445c2f2db16c8b9c40d4942a3e5b8c69,ETH
0xa0cac0c15e8428ed4fa2f3c1a19f76a4f19bde82,ETH
0x972a4f06cd947d5f48c8022ff02e3fe803d7ab62,ETH
0xec3811fa348a33c8be5ef8fa19dddb716ac94bce,ETH
0xb701512d178a02a76d5dd16fbcbb001745375d40,ETH
0x8f3afd1a542b854051c920df77dfb88be3bc0c32,ETH
0xb701512d178a02a76d5dd16fbcbb001745375d40,ETH
0xb701512d178a02a76d5dd16fbcbb001745375d40,ETH
0xab8b1eb4c5046c5353f2524a776d5313cf95ed70,ETH
0x3d75d0660ad2574e74f6ffc169030819f8e0aac9,ETH
0xab8b1eb4c5046c5353f2524a776d5313cf95ed70,ETH
0xde349c58c19f4ed5d1a80d36a32185ebae2c7f9d,ETH
0xec3811fa348a33c8be5ef8fa19dddb716ac94bce,ETH
0xec3811fa348a33c8be5ef8fa19dddb716ac94bce,ETH
0x3d75d0660ad2574e74f6ffc169030819f8e0aac9,ETH
0x3d75d0660ad2574e74f6ffc169030819f8e0aac9,ETH
0x3d75d0660ad2574e74f6ffc169030819f8e0aac9,ETH
0xa098c86a28f048e7a104d5155d1798f904023697,ETH
0xa098c86a28f048e7a104d5155d1798f904023697,ETH
0xa098c86a28f048e7a104d5155d1798f904023697,ETH
0xa098c86a28f048e7a104d5155d1798f904023697,ETH
0xa098c86a28f048e7a104d5155d1798f904023697,ETH
0xab8b1eb4c5046c5353f2524a776d5313cf95ed70,ETH
0xe5c3b160a45d18fd451ad29684326309d619aeba,ETH
0xa098c86a28f048e7a104d5155d1798f904023697,ETH
0xa098c86a28f048e7a104d5155d1798f904023697,ETH
0xa098c86a28f048e7a104d5155d1798f904023697,ETH
0x0d19f6e2da7a52e2ecddf2339ba1428d9fc2aca1,ETH
0x3d75d0660ad2574e74f6ffc169030819f8e0aac9,ETH
0xab8b1eb4c5046c5353f2524a776d5313cf95ed70,ETH
0xa098c86a28f048e7a104d5155d1798f904023697,ETH
0xa098c86a28f048e7a104d5155d1798f904023697,ETH
0xa098c86a28f048e7a104d5155d1798f904023697,ETH
0xab8b1eb4c5046c5353f2524a776d5313cf95ed70,ETH
0xa3c2076eb97d573cc8842f1db1ecdf7b6f77ba27,ETH
0xccb365d2e11ae4d6d74715c680f56cf58bf4bf10,ETH
0xccb365d2e11ae4d6d74715c680f56cf58bf4bf10,ETH
0x1b958974311e4c765cbbff120fdee87da91df8e8,ETH
0xccB365D2e11aE4D6d74715c680f56cf58bF4bF10,ETH
0xccb365d2e11ae4d6d74715c680f56cf58bf4bf10,ETH
0xc73a02c63277fc12f28ae6d78bd7e1b6b425911b,ETH
0xC73a02c63277fC12F28Ae6D78bD7E1B6b425911B,ETH
0xc73a02c63277fc12f28ae6d78bd7e1b6b425911b,ETH
0xC73a02c63277fC12F28Ae6D78bD7E1B6b425911B,ETH
0xc73a02c63277fc12f28ae6d78bd7e1b6b425911b,ETH
0xC73a02c63277fC12F28Ae6D78bD7E1B6b425911B,ETH
0xc73a02c63277fc12f28ae6d78bd7e1b6b425911b,ETH
0xC73a02c63277fC12F28Ae6D78bD7E1B6b425911B,ETH
0xc73a02c63277fc12f28ae6d78bd7e1b6b425911b,ETH
0x9cA8530CA349c966Fe9ef903Df17a75B8A778927,ETH
0x6dfa413b5900a1a7947bc75e68abba093cb2492d,ETH
0x6dfa413b5900a1a7947bc75e68abba093cb2492d,ETH
0x6dfa413b5900a1a7947bc75e68abba093cb2492d,ETH
0x8fECcC2cc21B901E11620070B19A51F50e409130,ETH
0x6dfa413b5900a1a7947bc75e68abba093cb2492d,ETH
0x9cA8530CA349c966Fe9ef903Df17a75B8A778927,ETH
0x6d3C9269BD1Bc9426798a752EcEBbD749E5eDaA8,ETH
0xF25B3dE8bA8129A5F335f071484F2ef8b0e40d7B,ETH
0xF25B3dE8bA8129A5F335f071484F2ef8b0e40d7B,ETH
0xf25b3de8ba8129a5f335f071484f2ef8b0e40d7b,ETH
0xf25b3de8ba8129a5f335f071484f2ef8b0e40d7b,ETH
0xF25B3dE8bA8129A5F335f071484F2ef8b0e40d7B,ETH
0xF25B3dE8bA8129A5F335f071484F2ef8b0e40d7B,ETH
0xF25B3dE8bA8129A5F335f071484F2ef8b0e40d7B,ETH
0x5A110fC00474038f6c02E89C707D638602EA44B5,ETH
0x8745a1eac4e22454fd5b9386995fae949221042e,ETH
0x8745a1eac4e22454fd5b9386995fae949221042e,ETH
0x8745a1eac4e22454fd5b9386995fae949221042e,ETH
0x8745a1eac4e22454fd5b9386995fae949221042e,ETH
0x8745a1eac4e22454fd5b9386995fae949221042e,ETH
0x8745a1eac4e22454fd5b9386995fae949221042e,ETH
0x8745a1eac4e22454fd5b9386995fae949221042e,ETH
0x8745a1eac4e22454fd5b9386995fae949221042e,ETH
0x99ea9a1aafacae4e518b1a38675a42c35e0588e9,ETH
0x99ea9a1aafacae4e518b1a38675a42c35e0588e9,ETH
0x0b6B7eF58f0dDe0D35187783172a738Fc64546a6,ETH
0x0b6B7eF58f0dDe0D35187783172a738Fc64546a6,ETH
0xaab17f1fccea5be51f6e2a5254927e06b06a985f,ETH
0xaab17f1fccea5be51f6e2a5254927e06b06a985f,ETH
0xaab17f1fccea5be51f6e2a5254927e06b06a985f,ETH
0xb1e2194f43c3c0319b3b6fa560d47bc57632cc56,ETH
0x002b0b1de9a44517f548f702fe06a4a1f7a6a0c6,ETH
0x3c3e7eb6800d9f9be3eb6616fcf61c04a41118c1,ETH
0x8fb26d5d47ff8fdbb485b7e6a3ba034a84f95829,ETH
0x846e657164bb88ea158dada4ebfbe911af43bafc,ETH
0xfb5db8b1b5e762bc30b41d730f0bf0310dec1a08,ETH
0xccb93fb870b9fbc54a9e625d119426aef82c5234,ETH
0x7457eabfbf69a76312d2558c9abbcaeeb496777e,ETH
0x502e404722eec8535c018d7744d3fd14c39729b5,ETH
0xbdef3fc4a178df84bea3564fa9653a6eebeddea3,ETH
0x9694d3ca9152283954648a9396c66318e0d649d3,ETH
0x473e2907d6a7f889dee7ac5dbda8ac134154da83,ETH
0x9694d3ca9152283954648a9396c66318e0d649d3,ETH
0x3c3e7eb6800d9f9be3eb6616fcf61c04a41118c1,ETH
0x1c739450de18f833d878de238ede071f495e3c63,ETH
0x607096cd6b9f97faeb624b21186598fe14be6e5a,ETH
0x471bed6c584adbf1015676977535836cae8e3a7a,ETH
0xe0bf021709cd2f448c34e5fe70c45509d7cabec8,ETH
0x57fdbe6f22424d1294b389aa95f23e2558ac5a4f,ETH
0x9c10454425e5ef48ef97d2c2d23e4f0df1249256,ETH
0x35aacf61fa42c5a249721834e69f1f09642977b0,ETH
0xfc48590a6bf99a8061d9f07e69c07df969cbe8f9,ETH
0x949348dc3202ec4e8dee759b014afffea8fa762b,ETH
0x8ca1d058e559a4fc2f8ae585412faf6783dd8c2c,ETH
0xC3407a75F3E8B359A69b5f505D40f0FE2724634e,ETH
0xa3c2076eb97d573cc8842f1db1ecdf7b6f77ba27,ETH
0xccb365d2e11ae4d6d74715c680f56cf58bf4bf10,ETH
0xccb365d2e11ae4d6d74715c680f56cf58bf4bf10,ETH
0x1b958974311e4c765cbbff120fdee87da91df8e8,ETH
0xccB365D2e11aE4D6d74715c680f56cf58bF4bF10,ETH
0xccb365d2e11ae4d6d74715c680f56cf58bf4bf10,ETH
0xc73a02c63277fc12f28ae6d78bd7e1b6b425911b,ETH
0xC73a02c63277fC12F28Ae6D78bD7E1B6b425911B,ETH
0xc73a02c63277fc12f28ae6d78bd7e1b6b425911b,ETH
0xC73a02c63277fC12F28Ae6D78bD7E1B6b425911B,ETH
0xc73a02c63277fc12f28ae6d78bd7e1b6b425911b,ETH
0xC73a02c63277fC12F28Ae6D78bD7E1B6b425911B,ETH
0xc73a02c63277fc12f28ae6d78bd7e1b6b425911b,ETH
0xC73a02c63277fC12F28Ae6D78bD7E1B6b425911B,ETH
0xc73a02c63277fc12f28ae6d78bd7e1b6b425911b,ETH
0x9cA8530CA349c966Fe9ef903Df17a75B8A778927,ETH
0x6dfa413b5900a1a7947bc75e68abba093cb2492d,ETH
0x6dfa413b5900a1a7947bc75e68abba093cb2492d,ETH
0x6dfa413b5900a1a7947bc75e68abba093cb2492d,ETH
0x8fECcC2cc21B901E11620070B19A51F50e409130,ETH
0x6dfa413b5900a1a7947bc75e68abba093cb2492d,ETH
0x9cA8530CA349c966Fe9ef903Df17a75B8A778927,ETH
0x6d3C9269BD1Bc9426798a752EcEBbD749E5eDaA8,ETH
0xF25B3dE8bA8129A5F335f071484F2ef8b0e40d7B,ETH
0xF25B3dE8bA8129A5F335f071484F2ef8b0e40d7B,ETH
0xf25b3de8ba8129a5f335f071484f2ef8b0e40d7b,ETH
0xf25b3de8ba8129a5f335f071484f2ef8b0e40d7b,ETH
0xF25B3dE8bA8129A5F335f071484F2ef8b0e40d7B,ETH
0xF25B3dE8bA8129A5F335f071484F2ef8b0e40d7B,ETH
0xF25B3dE8bA8129A5F335f071484F2ef8b0e40d7B,ETH
0x5A110fC00474038f6c02E89C707D638602EA44B5,ETH
0x8745a1eac4e22454fd5b9386995fae949221042e,ETH
0x8745a1eac4e22454fd5b9386995fae949221042e,ETH
0x8745a1eac4e22454fd5b9386995fae949221042e,ETH
0x8745a1eac4e22454fd5b9386995fae949221042e,ETH
0x8745a1eac4e22454fd5b9386995fae949221042e,ETH
0x8745a1eac4e22454fd5b9386995fae949221042e,ETH
0x8745a1eac4e22454fd5b9386995fae949221042e,ETH
0x8745a1eac4e22454fd5b9386995fae949221042e,ETH
0x99ea9a1aafacae4e518b1a38675a42c35e0588e9,ETH
0x99ea9a1aafacae4e518b1a38675a42c35e0588e9,ETH
0x0b6B7eF58f0dDe0D35187783172a738Fc64546a6,ETH
0x0b6B7eF58f0dDe0D35187783172a738Fc64546a6,ETH
0xa3c2076eb97d573cc8842f1db1ecdf7b6f77ba27,ETH
0xccb365d2e11ae4d6d74715c680f56cf58bf4bf10,ETH
0xccb365d2e11ae4d6d74715c680f56cf58bf4bf10,ETH
0x1b958974311e4c765cbbff120fdee87da91df8e8,ETH
0xccB365D2e11aE4D6d74715c680f56cf58bF4bF10,ETH
0xccb365d2e11ae4d6d74715c680f56cf58bf4bf10,ETH
0xc73a02c63277fc12f28ae6d78bd7e1b6b425911b,ETH
0xC73a02c63277fC12F28Ae6D78bD7E1B6b425911B,ETH
0xc73a02c63277fc12f28ae6d78bd7e1b6b425911b,ETH
0xC73a02c63277fC12F28Ae6D78bD7E1B6b425911B,ETH
0xc73a02c63277fc12f28ae6d78bd7e1b6b425911b,ETH
0xC73a02c63277fC12F28Ae6D78bD7E1B6b425911B,ETH
0xc73a02c63277fc12f28ae6d78bd7e1b6b425911b,ETH
0xC73a02c63277fC12F28Ae6D78bD7E1B6b425911B,ETH
0xc73a02c63277fc12f28ae6d78bd7e1b6b425911b,ETH
0x9cA8530CA349c966Fe9ef903Df17a75B8A778927,ETH
0x6dfa413b5900a1a7947bc75e68abba093cb2492d,ETH
0x6dfa413b5900a1a7947bc75e68abba093cb2492d,ETH
0x6dfa413b5900a1a7947bc75e68abba093cb2492d,ETH
0x8fECcC2cc21B901E11620070B19A51F50e409130,ETH
0x6dfa413b5900a1a7947bc75e68abba093cb2492d,ETH
0x9cA8530CA349c966Fe9ef903Df17a75B8A778927,ETH
0x6d3C9269BD1Bc9426798a752EcEBbD749E5eDaA8,ETH
0xF25B3dE8bA8129A5F335f071484F2ef8b0e40d7B,ETH
0xF25B3dE8bA8129A5F335f071484F2ef8b0e40d7B,ETH
0xf25b3de8ba8129a5f335f071484f2ef8b0e40d7b,ETH
0xf25b3de8ba8129a5f335f071484f2ef8b0e40d7b,ETH
0xF25B3dE8bA8129A5F335f071484F2ef8b0e40d7B,ETH
0xF25B3dE8bA8129A5F335f071484F2ef8b0e40d7B,ETH
0xF25B3dE8bA8129A5F335f071484F2ef8b0e40d7B,ETH
0x5A110fC00474038f6c02E89C707D638602EA44B5,ETH
0x8745a1eac4e22454fd5b9386995fae949221042e,ETH
0x8745a1eac4e22454fd5b9386995fae949221042e,ETH
0x8745a1eac4e22454fd5b9386995fae949221042e,ETH
0x8745a1eac4e22454fd5b9386995fae949221042e,ETH
0x8745a1eac4e22454fd5b9386995fae949221042e,ETH
0x8745a1eac4e22454fd5b9386995fae949221042e,ETH
0x8745a1eac4e22454fd5b9386995fae949221042e,ETH
0x8745a1eac4e22454fd5b9386995fae949221042e,ETH
0x0b6B7eF58f0dDe0D35187783172a738Fc64546a6,ETH
0x0b6B7eF58f0dDe0D35187783172a738Fc64546a6,ETH
0xaab17f1fccea5be51f6e2a5254927e06b06a985f,ETH
0xaab17f1fccea5be51f6e2a5254927e06b06a985f,ETH
0xaab17f1fccea5be51f6e2a5254927e06b06a985f,ETH
0x8ea410b9a551ed25959c98127c00cc1449769ce1,ETH
0xf1516371af02303c353cb313aa13048a1dd33d06,ETH
0x9b74f592ae5a27b4a2660b93f76136b5de60dcf6,ETH
0xbfec25c61f46206a8c5b23d4dd46ad53ed2ef28d,ETH
0x23e4d1a57e9cbb5e579c44d5f873020140e673d0,ETH
0xb1e2194f43c3c0319b3b6fa560d47bc57632cc56,ETH
0x002b0b1de9a44517f548f702fe06a4a1f7a6a0c6,ETH
0x3c3e7eb6800d9f9be3eb6616fcf61c04a41118c1,ETH
0x846e657164bb88ea158dada4ebfbe911af43bafc,ETH
0xfb5db8b1b5e762bc30b41d730f0bf0310dec1a08,ETH
0xccb93fb870b9fbc54a9e625d119426aef82c5234,ETH
0x7457eabfbf69a76312d2558c9abbcaeeb496777e,ETH
0x502e404722eec8535c018d7744d3fd14c39729b5,ETH
0xbdef3fc4a178df84bea3564fa9653a6eebeddea3,ETH
0x9694d3ca9152283954648a9396c66318e0d649d3,ETH
0x473e2907d6a7f889dee7ac5dbda8ac134154da83,ETH
0x9694d3ca9152283954648a9396c66318e0d649d3,ETH
0x3c3e7eb6800d9f9be3eb6616fcf61c04a41118c1,ETH
0x1c739450de18f833d878de238ede071f495e3c63,ETH
0x607096cd6b9f97faeb624b21186598fe14be6e5a,ETH
0x471bed6c584adbf1015676977535836cae8e3a7a,ETH
0xa3c2076eb97d573cc8842f1db1ecdf7b6f77ba27,ETH
0xccb365d2e11ae4d6d74715c680f56cf58bf4bf10,ETH
0xccb365d2e11ae4d6d74715c680f56cf58bf4bf10,ETH
0x1b958974311e4c765cbbff120fdee87da91df8e8,ETH
0xccB365D2e11aE4D6d74715c680f56cf58bF4bF10,ETH
0xccb365d2e11ae4d6d74715c680f56cf58bf4bf10,ETH
0xc73a02c63277fc12f28ae6d78bd7e1b6b425911b,ETH
0xC73a02c63277fC12F28Ae6D78bD7E1B6b425911B,ETH
0xc73a02c63277fc12f28ae6d78bd7e1b6b425911b,ETH
0xC73a02c63277fC12F28Ae6D78bD7E1B6b425911B,ETH
0xc73a02c63277fc12f28ae6d78bd7e1b6b425911b,ETH
0xC73a02c63277fC12F28Ae6D78bD7E1B6b425911B,ETH
0xc73a02c63277fc12f28ae6d78bd7e1b6b425911b,ETH
0xC73a02c63277fC12F28Ae6D78bD7E1B6b425911B,ETH
0xc73a02c63277fc12f28ae6d78bd7e1b6b425911b,ETH
0x9cA8530CA349c966Fe9ef903Df17a75B8A778927,ETH
0x6dfa413b5900a1a7947bc75e68abba093cb2492d,ETH
0x8fECcC2cc21B901E11620070B19A51F50e409130,ETH
0x6dfa413b5900a1a7947bc75e68abba093cb2492d,ETH
0x9cA8530CA349c966Fe9ef903Df17a75B8A778927,ETH
0x6d3C9269BD1Bc9426798a752EcEBbD749E5eDaA8,ETH
0xF25B3dE8bA8129A5F335f071484F2ef8b0e40d7B,ETH
0xF25B3dE8bA8129A5F335f071484F2ef8b0e40d7B,ETH
0xf25b3de8ba8129a5f335f071484f2ef8b0e40d7b,ETH
0xf25b3de8ba8129a5f335f071484f2ef8b0e40d7b,ETH
0xF25B3dE8bA8129A5F335f071484F2ef8b0e40d7B,ETH
0xF25B3dE8bA8129A5F335f071484F2ef8b0e40d7B,ETH
0xF25B3dE8bA8129A5F335f071484F2ef8b0e40d7B,ETH
0x5A110fC00474038f6c02E89C707D638602EA44B5,ETH
0x8745a1eac4e22454fd5b9386995fae949221042e,ETH
0x8745a1eac4e22454fd5b9386995fae949221042e,ETH
0x8745a1eac4e22454fd5b9386995fae949221042e,ETH
0x8745a1eac4e22454fd5b9386995fae949221042e,ETH
0x8745a1eac4e22454fd5b9386995fae949221042e,ETH
0x8745a1eac4e22454fd5b9386995fae949221042e,ETH
0x8745a1eac4e22454fd5b9386995fae949221042e,ETH
0x8745a1eac4e22454fd5b9386995fae949221042e,ETH
0x0b6B7eF58f0dDe0D35187783172a738Fc64546a6,ETH
0x0b6B7eF58f0dDe0D35187783172a738Fc64546a6,ETH
0xaab17f1fccea5be51f6e2a5254927e06b06a985f,ETH
0xaab17f1fccea5be51f6e2a5254927e06b06a985f,ETH
0xaab17f1fccea5be51f6e2a5254927e06b06a985f,ETH
0x7f36dc0844504a9f8309088f7afb7b4b4fe23f6d,ETH
0x538d977af242afc097c9ee1605338f0b93f27840,ETH
0xbae7a58b23f91a6e0d5d06276e7e5db05340d7ba,ETH
0xd0b63abeedbc5a411acd915be44f6caf3570235d,ETH
0x0f753be1df5b1f7e6d9a636213cf9411654d127f,ETH
0xa69064a45a60a9cab07bbc7102d3b50a2c1a9055,ETH
0xe94d80c9e6a7a04cbd04c39d4fa832040c1790b3,ETH
0x7060719595b61f31ccf914399aae5fac4e75d888,ETH
0x44d5ec843e69c7fab35030e6e16b7ede0e98cce8,ETH
0x7636edd7376f99e529e79e5c8f53b8a9c4d8d0fc,ETH
0x7f36dc0844504a9f8309088f7afb7b4b4fe23f6d,ETH
0x06b23dc3fb948fd800dcad8a800b60fd0e5401bc,ETH
0xb15b759534230cb01fb53c37cb6671759a148806,ETH
0xe17cf157a9acc50191a31e719b10d0fdfcd54244,ETH
0x7f36dc0844504a9f8309088f7afb7b4b4fe23f6d,ETH
0x7d153165036b25e975f100afd939a0bb0fd5222f,ETH
0x5f4bcb8fd8a0ab4852178ce0e5a104665e361a8e,ETH
0xdaa5ab53e44f49466f9c5ef959b50fc29d478a16,ETH
0xdaa5ab53e44f49466f9c5ef959b50fc29d478a16,ETH
0xdaa5ab53e44f49466f9c5ef959b50fc29d478a16,ETH
0xd0b63abeedbc5a411acd915be44f6caf3570235d,ETH
0xdaa5ab53e44f49466f9c5ef959b50fc29d478a16,ETH
0xdaa5ab53e44f49466f9c5ef959b50fc29d478a16,ETH
0xdaa5ab53e44f49466f9c5ef959b50fc29d478a16,ETH
0xdaa5ab53e44f49466f9c5ef959b50fc29d478a16,ETH
0xf996b3c3cc1d75eda58ca5fe1a437aee0a39cd7c,ETH
0xaa0e3050ff023db2f98dd2929f0d298f258da81c,ETH
0x18cfcb7c361ca43dc597c2a9906a743ecf17876a,ETH
0xC3407a75F3E8B359A69b5f505D40f0FE2724634e,ETH
0xa3c2076eb97d573cc8842f1db1ecdf7b6f77ba27,ETH
0xccb365d2e11ae4d6d74715c680f56cf58bf4bf10,ETH
0xccb365d2e11ae4d6d74715c680f56cf58bf4bf10,ETH
0x1b958974311e4c765cbbff120fdee87da91df8e8,ETH
0xccB365D2e11aE4D6d74715c680f56cf58bF4bF10,ETH
0xccb365d2e11ae4d6d74715c680f56cf58bf4bf10,ETH
0xc73a02c63277fc12f28ae6d78bd7e1b6b425911b,ETH
0xC73a02c63277fC12F28Ae6D78bD7E1B6b425911B,ETH
0xc73a02c63277fc12f28ae6d78bd7e1b6b425911b,ETH
0xC73a02c63277fC12F28Ae6D78bD7E1B6b425911B,ETH
0xc73a02c63277fc12f28ae6d78bd7e1b6b425911b,ETH
0xC73a02c63277fC12F28Ae6D78bD7E1B6b425911B,ETH
0xc73a02c63277fc12f28ae6d78bd7e1b6b425911b,ETH
0xC73a02c63277fC12F28Ae6D78bD7E1B6b425911B,ETH
0xc73a02c63277fc12f28ae6d78bd7e1b6b425911b,ETH
0x9cA8530CA349c966Fe9ef903Df17a75B8A778927,ETH
0x6dfa413b5900a1a7947bc75e68abba093cb2492d,ETH
0x8fECcC2cc21B901E11620070B19A51F50e409130,ETH
0x6dfa413b5900a1a7947bc75e68abba093cb2492d,ETH
0x9cA8530CA349c966Fe9ef903Df17a75B8A778927,ETH
0x6d3C9269BD1Bc9426798a752EcEBbD749E5eDaA8,ETH
0xF25B3dE8bA8129A5F335f071484F2ef8b0e40d7B,ETH
0xF25B3dE8bA8129A5F335f071484F2ef8b0e40d7B,ETH
0xf25b3de8ba8129a5f335f071484f2ef8b0e40d7b,ETH
0xf25b3de8ba8129a5f335f071484f2ef8b0e40d7b,ETH
0xF25B3dE8bA8129A5F335f071484F2ef8b0e40d7B,ETH
0xF25B3dE8bA8129A5F335f071484F2ef8b0e40d7B,ETH
0xF25B3dE8bA8129A5F335f071484F2ef8b0e40d7B,ETH
0x5A110fC00474038f6c02E89C707D638602EA44B5,ETH
0x8745a1eac4e22454fd5b9386995fae949221042e,ETH
0x8745a1eac4e22454fd5b9386995fae949221042e,ETH
0x8745a1eac4e22454fd5b9386995fae949221042e,ETH
0x8745a1eac4e22454fd5b9386995fae949221042e,ETH
0x8745a1eac4e22454fd5b9386995fae949221042e,ETH
0x8745a1eac4e22454fd5b9386995fae949221042e,ETH
0x8745a1eac4e22454fd5b9386995fae949221042e,ETH
0x8745a1eac4e22454fd5b9386995fae949221042e,ETH
0x99ea9a1aafacae4e518b1a38675a42c35e0588e9,ETH
0x99ea9a1aafacae4e518b1a38675a42c35e0588e9,ETH
0x0b6B7eF58f0dDe0D35187783172a738Fc64546a6,ETH
0x0b6B7eF58f0dDe0D35187783172a738Fc64546a6,ETH
